Name,Kingdom,Phylum,Class,Order,Family,Genus,Species,Strain,1156_M-BL_CP04543-B,1160_M-BL_CP04543-B,1164_M-BL_CP04543-B,1168_M-BL_CP04543-B,1170_M-BL_CP04543-B,1174_M-BL_CP04543-B,1178_M-BL_CP04543-B,1180_M-BL_CP04543-B,1182_M-BL_CP04543-B,1184_M-BL_CP04543-B,1136_F-BL_CP04543-B,1138_F-BL_CP04543-B,1140_F-BL_CP04543-B,1142_F-BL_CP04543-B,1144_F-BL_CP04543-B,1146_F-BL_CP04543-B,1148_F-BL_CP04543-B,1150_F-BL_CP04543-B,1152_F-BL_CP04543-B,1154_F-BL_CP04543-B,Taxonomy Id,Taxonomy Lineage
Acetatifactor muris,Bacteria,Firmicutes,Clostridia,Clostridiales,Lachnospiraceae,Acetatifactor,Acetatifactor muris,Acetatifactor muris,0.00264,0.00394,0.00128,0.0034,0.00331,0.00133,0.00178,0.00806,0.00207,0.00258,0.0077,0.00727,0.00156,0.00188,0.00245,0.00651,0.00858,0.00592,0.00455,0.00311,879566,k__Bacteria(2);p__Firmicutes(1239);c__Clostridia(186801);o__Clostridiales(186802);f__Lachnospiraceae(186803);g__Acetatifactor(1427378);s__Acetatifactor muris(879566);t__Acetatifactor muris(879566);
Acutalibacter sp. 1XD8-33,Bacteria,Firmicutes,Clostridia,Clostridiales,Ruminococcaceae,Acutalibacter,Acutalibacter_u_s,Acutalibacter sp. 1XD8-33,0.0024,0.00281,0.00077,0.00165,0.00242,0.00081,0.00078,0.00411,0.00114,0.0017,0.00578,0.00944,0.00208,0.00109,0.00114,0.00743,0.00774,0.0037,0.00299,0.00345,2320081,k__Bacteria(2);p__Firmicutes(1239);c__Clostridia(186801);o__Clostridiales(186802);f__Ruminococcaceae(541000);g__Acutalibacter(1918385);s__Acutalibacter_u_s(1918385);t__Acutalibacter sp. 1XD8-33(2320081);
Adlercreutzia muris,Bacteria,Actinobacteria,Coriobacteriia,Eggerthellales,Eggerthellaceae,Adlercreutzia,Adlercreutzia muris,Adlercreutzia muris,0.00655,0.00188,0.00173,0.00308,0.0032,0.00158,0.00435,0.00558,0.00212,0.00566,0.00653,0.00238,0.01271,0.00494,0.00442,0.00975,0.00378,0.01,0.00826,0.00876,1796610,k__Bacteria(2);p__Actinobacteria(201174);c__Coriobacteriia(84998);o__Eggerthellales(1643822);f__Eggerthellaceae(1643826);g__Adlercreutzia(447020);s__Adlercreutzia muris(1796610);t__Adlercreutzia muris(1796610);
Akkermansia muciniphila,Bacteria,Verrucomicrobia,Verrucomicrobiae,Verrucomicrobiales,Akkermansiaceae,Akkermansia,Akkermansia muciniphila,Akkermansia muciniphila,0,0,0,0,0,0,0.05006,0,0.00331,0.06813,0,0,0,0,0,0,0,0,0,0,239935,k__Bacteria(2);p__Verrucomicrobia(74201);c__Verrucomicrobiae(203494);o__Verrucomicrobiales(48461);f__Akkermansiaceae(1647988);g__Akkermansia(239934);s__Akkermansia muciniphila(239935);t__Akkermansia muciniphila(239935);
Akkermansia muciniphila ATCC BAA-835,Bacteria,Verrucomicrobia,Verrucomicrobiae,Verrucomicrobiales,Akkermansiaceae,Akkermansia,Akkermansia muciniphila,Akkermansia muciniphila ATCC BAA-835,0,0,0.00207,0.01867,0.01145,0.01073,0,0.00497,0,0,0,0,0,0,0,0,0,0,0,0,349741,k__Bacteria(2);p__Verrucomicrobia(74201);c__Verrucomicrobiae(203494);o__Verrucomicrobiales(48461);f__Akkermansiaceae(1647988);g__Akkermansia(239934);s__Akkermansia muciniphila(239935);t__Akkermansia muciniphila ATCC BAA-835(349741);
Alistipes finegoldii DSM 17242,Bacteria,Bacteroidetes,Bacteroidia,Bacteroidales,Rikenellaceae,Alistipes,Alistipes finegoldii,Alistipes finegoldii DSM 17242,0.00478,0.00175,0.0016,0.00122,0.00326,0.00227,0.00231,0.00508,0.00618,0.0076,0.00348,0.00406,0.00649,0.0035,0.00217,0.0056,0.00491,0.00206,0.00479,0.00424,679935,k__Bacteria(2);p__Bacteroidetes(976);c__Bacteroidia(200643);o__Bacteroidales(171549);f__Rikenellaceae(171550);g__Alistipes(239759);s__Alistipes finegoldii(214856);t__Alistipes finegoldii DSM 17242(679935);
Alistipes sp. HGB5,Bacteria,Bacteroidetes,Bacteroidia,Bacteroidales,Rikenellaceae,Alistipes,Alistipes_u_s,Alistipes sp. HGB5,0.00521,0.00195,0.00173,0.00134,0.00367,0.0026,0.00272,0.00551,0.00691,0.00857,0.00377,0.00454,0.00717,0.00389,0.00241,0.00614,0.00525,0.00221,0.0053,0.00467,908612,k__Bacteria(2);p__Bacteroidetes(976);c__Bacteroidia(200643);o__Bacteroidales(171549);f__Rikenellaceae(171550);g__Alistipes(239759);s__Alistipes_u_s(239759);t__Alistipes sp. HGB5(908612);
Anaerotruncus sp. 1XD22-93,Bacteria,Firmicutes,Clostridia,Clostridiales,Ruminococcaceae,Anaerotruncus,Anaerotruncus_u_s,Anaerotruncus sp. 1XD22-93,0.01756,0.024,0.03592,0.02882,0.03623,0.00226,0.01789,0.03677,0,0.00759,0.01154,0,0.00645,0.01971,0.00693,0.0243,0.03325,0.00654,0.03071,0.02635,2320082,k__Bacteria(2);p__Firmicutes(1239);c__Clostridia(186801);o__Clostridiales(186802);f__Ruminococcaceae(541000);g__Anaerotruncus(244127);s__Anaerotruncus_u_s(244127);t__Anaerotruncus sp. 1XD22-93(2320082);
Anaerotruncus sp. G3(2012),Bacteria,Firmicutes,Clostridia,Clostridiales,Ruminococcaceae,Anaerotruncus,Anaerotruncus_u_s,Anaerotruncus sp. G3(2012),0,0,0,0,0,0,0,0,0.00258,0,0,0.02145,0,0,0,0,0,0,0,0,1235835,k__Bacteria(2);p__Firmicutes(1239);c__Clostridia(186801);o__Clostridiales(186802);f__Ruminococcaceae(541000);g__Anaerotruncus(244127);s__Anaerotruncus_u_s(244127);t__Anaerotruncus sp. G3(2012)(1235835);
Anaerovibrio lipolyticus LB2005,Bacteria,Firmicutes,Negativicutes,Selenomonadales,Selenomonadaceae,Anaerovibrio,Anaerovibrio lipolyticus,Anaerovibrio lipolyticus LB2005,0,0,0,0,0,0,0,0,0,0,0,0,0,0,0.00055,0,0,0,0,0,1408423,k__Bacteria(2);p__Firmicutes(1239);c__Negativicutes(909932);o__Selenomonadales(909929);f__Selenomonadaceae(1843491);g__Anaerovibrio(82373);s__Anaerovibrio lipolyticus(82374);t__Anaerovibrio lipolyticus LB2005(1408423);
Adlercreutzia equolifaciens subsp. celatus,Bacteria,Actinobacteria,Coriobacteriia,Eggerthellales,Eggerthellaceae,Adlercreutzia,Adlercreutzia equolifaciens,Adlercreutzia equolifaciens subsp. celatus,0.00103,0.001,0.00096,0.00086,0.00115,0.00049,0.00134,0.00176,0.00046,0.00116,0.00051,0,0.00097,0,0,0.00067,0,0.00068,0.00071,0.00077,394340,k__Bacteria(2);p__Actinobacteria(201174);c__Coriobacteriia(84998);o__Eggerthellales(1643822);f__Eggerthellaceae(1643826);g__Adlercreutzia(447020);s__Adlercreutzia equolifaciens(446660);t__Adlercreutzia equolifaciens subsp. celatus(394340);
Bacteroides_u_t,Bacteria,Bacteroidetes,Bacteroidia,Bacteroidales,Bacteroidaceae,Bacteroides,Bacteroides_u_s,Bacteroides_u_t,0.00245,0.00282,0.00818,0.00538,0.0012,0.00162,0.00261,0.00236,0.00386,0.00516,0,0.0007,0,0,0,0,0,0,0.0014,0,816,k__Bacteria(2);p__Bacteroidetes(976);c__Bacteroidia(200643);o__Bacteroidales(171549);f__Bacteroidaceae(815);g__Bacteroides(816);s__Bacteroides_u_s(816);t__Bacteroides_u_t(816);
Bacteroides acidifaciens JCM 10556,Bacteria,Bacteroidetes,Bacteroidia,Bacteroidales,Bacteroidaceae,Bacteroides,Bacteroides acidifaciens,Bacteroides acidifaciens JCM 10556,0.00072,0.00067,0.00147,0.00117,0.00108,0.00092,0,0,0.00077,0.00133,0,0,0.00108,0.00066,0.00065,0,0,0,0.00055,0.00044,1235814,k__Bacteria(2);p__Bacteroidetes(976);c__Bacteroidia(200643);o__Bacteroidales(171549);f__Bacteroidaceae(815);g__Bacteroides(816);s__Bacteroides acidifaciens(85831);t__Bacteroides acidifaciens JCM 10556(1235814);
Bacteroides caecimuri,Bacteria,Bacteroidetes,Bacteroidia,Bacteroidales,Bacteroidaceae,Bacteroides,Bacteroides caecimuri,Bacteroides caecimuri,0.00065,0,0.00091,0.00073,0.00078,0.0006,0,0,0.00075,0.00082,0,0,0.00065,0.00054,0.00074,0,0,0,0,0,2516958,k__Bacteria(2);p__Bacteroidetes(976);c__Bacteroidia(200643);o__Bacteroidales(171549);f__Bacteroidaceae(815);g__Bacteroides(816);s__Bacteroides caecimuri(2516958);t__Bacteroides caecimuri(2516958);
Bacteroides caecimuris,Bacteria,Bacteroidetes,Bacteroidia,Bacteroidales,Bacteroidaceae,Bacteroides,Bacteroides caecimuris,Bacteroides caecimuris,0.0006,0.00105,0.00116,0.00082,0.00095,0.00064,0.00094,0,0.00082,0.0009,0.00073,0.0006,0.00055,0.00099,0.00123,0,0,0,0.00088,0.00073,1796613,k__Bacteria(2);p__Bacteroidetes(976);c__Bacteroidia(200643);o__Bacteroidales(171549);f__Bacteroidaceae(815);g__Bacteroides(816);s__Bacteroides caecimuris(1796613);t__Bacteroides caecimuris(1796613);
Bacteroides fragilis,Bacteria,Bacteroidetes,Bacteroidia,Bacteroidales,Bacteroidaceae,Bacteroides,Bacteroides fragilis,Bacteroides fragilis,0,0,0,0,0,0,0.00067,0.0008,0,0,0,0,0.00087,0,0,0,0,0,0,0,817,k__Bacteria(2);p__Bacteroidetes(976);c__Bacteroidia(200643);o__Bacteroidales(171549);f__Bacteroidaceae(815);g__Bacteroides(816);s__Bacteroides fragilis(817);t__Bacteroides fragilis(817);
Bacteroides fragilis str. 3397 T10,Bacteria,Bacteroidetes,Bacteroidia,Bacteroidales,Bacteroidaceae,Bacteroides,Bacteroides fragilis,Bacteroides fragilis str. 3397 T10,0.00064,0.00096,0.00224,0.00145,0.00149,0.00041,0,0,0.00089,0.00063,0,0,0,0,0,0,0,0,0,0,1339284,k__Bacteria(2);p__Bacteroidetes(976);c__Bacteroidia(200643);o__Bacteroidales(171549);f__Bacteroidaceae(815);g__Bacteroides(816);s__Bacteroides fragilis(817);t__Bacteroides fragilis str. 3397 T10(1339284);
Bacteroides massiliensis B84634 = Timone 84634 = DSM 17679 = JCM 13223,Bacteria,Bacteroidetes,Bacteroidia,Bacteroidales,Bacteroidales_u_f,Phocaeicola,Phocaeicola massiliensis,Bacteroides massiliensis B84634 = Timone 84634 = DSM 17679 = JCM 13223,0,0,0,0,0,0.00235,0.00261,0,0.00241,0.00289,0,0,0,0,0,0,0,0,0,0,1121098,k__Bacteria(2);p__Bacteroidetes(976);c__Bacteroidia(200643);o__Bacteroidales(171549);f__Bacteroidales_u_f(171549);g__Phocaeicola(909656);s__Phocaeicola massiliensis(204516);t__Bacteroides massiliensis B84634 = Timone 84634 = DSM 17679 = JCM 13223(1121098);
Bacteroides ovatus ATCC 8483,Bacteria,Bacteroidetes,Bacteroidia,Bacteroidales,Bacteroidaceae,Bacteroides,Bacteroides ovatus,Bacteroides ovatus ATCC 8483,0.00036,0,0,0.00096,0,0,0,0,0,0,0,0,0.00037,0,0,0,0,0,0,0,411476,k__Bacteria(2);p__Bacteroidetes(976);c__Bacteroidia(200643);o__Bacteroidales(171549);f__Bacteroidaceae(815);g__Bacteroides(816);s__Bacteroides ovatus(28116);t__Bacteroides ovatus ATCC 8483(411476);
Bacteroides ovatus SD CMC 3f,Bacteria,Bacteroidetes,Bacteroidia,Bacteroidales,Bacteroidaceae,Bacteroides,Bacteroides ovatus,Bacteroides ovatus SD CMC 3f,0,0,0.00112,0,0.00083,0,0,0,0.00053,0,0,0,0,0,0,0,0,0,0,0,702443,k__Bacteria(2);p__Bacteroidetes(976);c__Bacteroidia(200643);o__Bacteroidales(171549);f__Bacteroidaceae(815);g__Bacteroides(816);s__Bacteroides ovatus(28116);t__Bacteroides ovatus SD CMC 3f(702443);
Bacteroides sartorii JCM 17136 = DSM 21941,Bacteria,Bacteroidetes,Bacteroidia,Bacteroidales,Bacteroidales_u_f,Phocaeicola,Phocaeicola sartorii,Bacteroides sartorii JCM 17136 = DSM 21941,0.00059,0,0,0,0,0,0,0,0.00052,0,0,0,0,0,0,0,0,0,0,0,1236515,k__Bacteria(2);p__Bacteroidetes(976);c__Bacteroidia(200643);o__Bacteroidales(171549);f__Bacteroidales_u_f(171549);g__Phocaeicola(909656);s__Phocaeicola sartorii(671267);t__Bacteroides sartorii JCM 17136 = DSM 21941(1236515);
Bacteroides sp. AF33-23,Bacteria,Bacteroidetes,Bacteroidia,Bacteroidales,Bacteroidaceae,Bacteroides,Bacteroides_u_s,Bacteroides sp. AF33-23,0.02051,0.01477,0.0095,0.00742,0.02141,0.01905,0.01025,0.00984,0.02377,0.02205,0,0,0,0,0,0,0,0,0,0,2292930,k__Bacteria(2);p__Bacteroidetes(976);c__Bacteroidia(200643);o__Bacteroidales(171549);f__Bacteroidaceae(815);g__Bacteroides(816);s__Bacteroides_u_s(816);t__Bacteroides sp. AF33-23(2292930);
Bacteroides uniformis dnLKV2,Bacteria,Bacteroidetes,Bacteroidia,Bacteroidales,Bacteroidaceae,Bacteroides,Bacteroides uniformis,Bacteroides uniformis dnLKV2,0.02829,0.02182,0.01512,0.01169,0.03014,0.02672,0.01558,0.01539,0.03349,0.03193,0.01291,0.00516,0.02882,0.01697,0.02035,0.0185,0.00869,0.00542,0.02001,0.01417,1235787,k__Bacteria(2);p__Bacteroidetes(976);c__Bacteroidia(200643);o__Bacteroidales(171549);f__Bacteroidaceae(815);g__Bacteroides(816);s__Bacteroides uniformis(820);t__Bacteroides uniformis dnLKV2(1235787);
Bacteroides xylanisolvens XB1A,Bacteria,Bacteroidetes,Bacteroidia,Bacteroidales,Bacteroidaceae,Bacteroides,Bacteroides xylanisolvens,Bacteroides xylanisolvens XB1A,0,0,0.00758,0.0049,0.00483,0,0,0,0.00307,0,0,0,0,0,0,0,0,0,0,0,657309,k__Bacteria(2);p__Bacteroidetes(976);c__Bacteroidia(200643);o__Bacteroidales(171549);f__Bacteroidaceae(815);g__Bacteroides(816);s__Bacteroides xylanisolvens(371601);t__Bacteroides xylanisolvens XB1A(657309);
Barnesiella sp. WM24,Bacteria,Bacteroidetes,Bacteroidia,Bacteroidales,Barnesiellaceae,Barnesiella,Barnesiella_u_s,Barnesiella sp. WM24,0.00036,0,0.00052,0,0,0,0,0,0,0,0,0,0.00031,0,0,0,0,0,0,0,2558278,k__Bacteria(2);p__Bacteroidetes(976);c__Bacteroidia(200643);o__Bacteroidales(171549);f__Barnesiellaceae(2005519);g__Barnesiella(397864);s__Barnesiella_u_s(397864);t__Barnesiella sp. WM24(2558278);
Bifidobacterium pseudolongum AGR2145,Bacteria,Actinobacteria,Actinomycetia,Bifidobacteriales,Bifidobacteriaceae,Bifidobacterium,Bifidobacterium pseudolongum,Bifidobacterium pseudolongum AGR2145,0,0,0,0,0,0.01347,0,0,0,0,0,0,0,0,0,0,0,0,0,0,1280701,k__Bacteria(2);p__Actinobacteria(201174);c__Actinomycetia(1760);o__Bifidobacteriales(85004);f__Bifidobacteriaceae(31953);g__Bifidobacterium(1678);s__Bifidobacterium pseudolongum(1694);t__Bifidobacterium pseudolongum AGR2145(1280701);
Bittarella massiliensis,Bacteria,Firmicutes,Clostridia,Clostridiales,Ruminococcaceae,Bittarella,Bittarella massiliensis,Bittarella massiliensis,0,0,0,0,0,0,0,0,0,0,0,0,0.0016,0,0,0,0,0,0,0,1720313,k__Bacteria(2);p__Firmicutes(1239);c__Clostridia(186801);o__Clostridiales(186802);f__Ruminococcaceae(541000);g__Bittarella(1929297);s__Bittarella massiliensis(1720313);t__Bittarella massiliensis(1720313);
Blautia sp. YL58,Bacteria,Firmicutes,Clostridia,Clostridiales,Lachnospiraceae,Blautia,Blautia_u_s,Blautia sp. YL58,0.0004,0.00098,0.00063,0,0.00079,0,0,0,0,0,0,0,0,0,0,0,0.00105,0,0,0,1796616,k__Bacteria(2);p__Firmicutes(1239);c__Clostridia(186801);o__Clostridiales(186802);f__Lachnospiraceae(186803);g__Blautia(572511);s__Blautia_u_s(572511);t__Blautia sp. YL58(1796616);
Burkholderiales_u_t,Bacteria,Proteobacteria,Betaproteobacteria,Burkholderiales,Burkholderiales_u_f,Burkholderiales_u_g,Burkholderiales_u_s,Burkholderiales_u_t,0,0,0,0,0,0,0,0,0,0,0,0,0.00217,0,0.00062,0,0,0,0.00204,0.00066,80840,k__Bacteria(2);p__Proteobacteria(1224);c__Betaproteobacteria(28216);o__Burkholderiales(80840);f__Burkholderiales_u_f(80840);g__Burkholderiales_u_g(80840);s__Burkholderiales_u_s(80840);t__Burkholderiales_u_t(80840);
Burkholderiales bacterium 1_1_47,Bacteria,Proteobacteria,Betaproteobacteria,Burkholderiales,Burkholderiales_u_f,Burkholderiales_u_g,Burkholderiales_u_s,Burkholderiales bacterium 1_1_47,0.00555,0.00631,0.01223,0.00511,0.00625,0.00565,0.00735,0,0.0034,0.00546,0,0,0,0,0,0,0,0,0,0,469610,k__Bacteria(2);p__Proteobacteria(1224);c__Betaproteobacteria(28216);o__Burkholderiales(80840);f__Burkholderiales_u_f(80840);g__Burkholderiales_u_g(80840);s__Burkholderiales_u_s(80840);t__Burkholderiales bacterium 1_1_47(469610);
Butyricimonas virosa DSM 23226,Bacteria,Bacteroidetes,Bacteroidia,Bacteroidales,Odoribacteraceae,Butyricimonas,Butyricimonas virosa,Butyricimonas virosa DSM 23226,0.00758,0.00857,0.0149,0.00494,0.01035,0.00656,0.00569,0.00213,0.01034,0.00904,0,0,0,0,0,0,0,0,0,0,1121130,k__Bacteria(2);p__Bacteroidetes(976);c__Bacteroidia(200643);o__Bacteroidales(171549);f__Odoribacteraceae(1853231);g__Butyricimonas(574697);s__Butyricimonas virosa(544645);t__Butyricimonas virosa DSM 23226(1121130);
Butyrivibrio sp. LB2008,Bacteria,Firmicutes,Clostridia,Clostridiales,Lachnospiraceae,Butyrivibrio,Butyrivibrio_u_s,Butyrivibrio sp. LB2008,0,0,0,0,0,0,0,0,0,0,0,0,0,0,0.00096,0,0,0.00065,0,0,1408305,k__Bacteria(2);p__Firmicutes(1239);c__Clostridia(186801);o__Clostridiales(186802);f__Lachnospiraceae(186803);g__Butyrivibrio(830);s__Butyrivibrio_u_s(830);t__Butyrivibrio sp. LB2008(1408305);
Candidatus Arthromitus_u_t,Bacteria,Firmicutes,Clostridia,Clostridiales,Clostridiaceae,Candidatus Arthromitus,Candidatus Arthromitus_u_s,Candidatus Arthromitus_u_t,0,0,0,0,0,0.00039,0,0.00147,0,0.00155,0.0006,0.00142,0,0,0,0.00094,0.0009,0,0,0,49082,k__Bacteria(2);p__Firmicutes(1239);c__Clostridia(186801);o__Clostridiales(186802);f__Clostridiaceae(31979);g__Candidatus Arthromitus(49082);s__Candidatus Arthromitus_u_s(49082);t__Candidatus Arthromitus_u_t(49082);
Candidatus Arthromitus sp. SFB-mouse-Japan,Bacteria,Firmicutes,Clostridia,Clostridiales,Clostridiaceae,Candidatus Arthromitus,Candidatus Arthromitus_u_s,Candidatus Arthromitus sp. SFB-mouse-Japan,0.00054,0.00189,0.00282,0.00275,0.00149,0,0.00081,0,0.00173,0,0,0,0,0.00134,0.00048,0,0,0.00103,0.00109,0,1029718,k__Bacteria(2);p__Firmicutes(1239);c__Clostridia(186801);o__Clostridiales(186802);f__Clostridiaceae(31979);g__Candidatus Arthromitus(49082);s__Candidatus Arthromitus_u_s(49082);t__Candidatus Arthromitus sp. SFB-mouse-Japan(1029718);
Clostridiales bacterium,Bacteria,Firmicutes,Clostridia,Clostridiales,Clostridiales_u_f,Clostridiales_u_g,Clostridiales_u_s,Clostridiales bacterium,0,0,0,0,0,0,0,0,0,0,0,0,0,0,0.00085,0.00063,0.00093,0.00086,0,0,1898207,k__Bacteria(2);p__Firmicutes(1239);c__Clostridia(186801);o__Clostridiales(186802);f__Clostridiales_u_f(186802);g__Clostridiales_u_g(186802);s__Clostridiales_u_s(186802);t__Clostridiales bacterium(1898207);
Clostridium sp. MD294,Bacteria,Firmicutes,Clostridia,Clostridiales,Clostridiaceae,Clostridium,Clostridium_u_s,Clostridium sp. MD294,0.00047,0.00071,0,0.00046,0,0,0,0.00159,0.00029,0,0.00107,0.0021,0,0,0,0.00083,0,0.00086,0.00056,0.00061,97138,k__Bacteria(2);p__Firmicutes(1239);c__Clostridia(186801);o__Clostridiales(186802);f__Clostridiaceae(31979);g__Clostridium(1485);s__Clostridium_u_s(1485);t__Clostridium sp. MD294(97138);
Schaedlerella arabinosiphila,Bacteria,Firmicutes,Clostridia,Clostridiales,Lachnospiraceae,Schaedlerella,Schaedlerella arabinosiphila,Schaedlerella arabinosiphila,0.02517,0.04526,0.00719,0.01389,0.01777,0.00423,0.00979,0.03671,0.01219,0.00722,0.04346,0.03285,0.01636,0.02075,0.00959,0.05723,0.07571,0.05433,0.0272,0.01616,2044587,k__Bacteria(2);p__Firmicutes(1239);c__Clostridia(186801);o__Clostridiales(186802);f__Lachnospiraceae(186803);g__Schaedlerella(2676048);s__Schaedlerella arabinosiphila(2044587);t__Schaedlerella arabinosiphila(2044587);
Clostridium porci,Bacteria,Firmicutes,Clostridia,Clostridiales,Clostridiaceae,Clostridium,Clostridium porci,Clostridium porci,0,0,0,0,0,0,0,0.00084,0,0,0,0.00062,0,0,0,0.0006,0,0,0,0,2605778,k__Bacteria(2);p__Firmicutes(1239);c__Clostridia(186801);o__Clostridiales(186802);f__Clostridiaceae(31979);g__Clostridium(1485);s__Clostridium porci(2605778);t__Clostridium porci(2605778);
Dorea sp. 5-2,Bacteria,Firmicutes,Clostridia,Clostridiales,Lachnospiraceae,Dorea,Dorea_u_s,Dorea sp. 5-2,0.00513,0.0081,0.00468,0.00563,0.00725,0.0012,0.00637,0.01386,0.00306,0.00392,0.01314,0.00902,0.00421,0.00359,0.00361,0.01058,0.012,0.01146,0.00806,0.00531,1235798,k__Bacteria(2);p__Firmicutes(1239);c__Clostridia(186801);o__Clostridiales(186802);f__Lachnospiraceae(186803);g__Dorea(189330);s__Dorea_u_s(189330);t__Dorea sp. 5-2(1235798);
Duncaniella muris,Bacteria,Bacteroidetes,Bacteroidia,Bacteroidales,Muribaculaceae,Duncaniella,Duncaniella muris,Duncaniella muris,0.00188,0,0.00231,0,0,0.00089,0.00174,0.0017,0.00112,0,0.0011,0.00071,0.00187,0.00145,0.00149,0.00105,0.00092,0.00098,0.002,0.00184,2094150,k__Bacteria(2);p__Bacteroidetes(976);c__Bacteroidia(200643);o__Bacteroidales(171549);f__Muribaculaceae(2005473);g__Duncaniella(2518495);s__Duncaniella muris(2094150);t__Duncaniella muris(2094150);
Duncaniella sp. B8,Bacteria,Bacteroidetes,Bacteroidia,Bacteroidales,Muribaculaceae,Duncaniella,Duncaniella_u_s,Duncaniella sp. B8,0.01266,0.01527,0.02562,0.01914,0.0195,0.0159,0.02338,0.02188,0.0179,0.02494,0.00122,0.00076,0.00225,0.00184,0.0016,0.00123,0.00103,0,0.00192,0.00186,2576606,k__Bacteria(2);p__Bacteroidetes(976);c__Bacteroidia(200643);o__Bacteroidales(171549);f__Muribaculaceae(2005473);g__Duncaniella(2518495);s__Duncaniella_u_s(2518495);t__Duncaniella sp. B8(2576606);
Duncaniella freteri,Bacteria,Bacteroidetes,Bacteroidia,Bacteroidales,Muribaculaceae,Duncaniella,Duncaniella freteri,Duncaniella freteri,0.05622,0.01351,0.02266,0.01467,0.01699,0.009,0.01623,0.0182,0.01156,0.01644,0.08338,0.04982,0.09994,0.12851,0.11172,0.09432,0.09657,0.07267,0.12882,0.1021,2530391,k__Bacteria(2);p__Bacteroidetes(976);c__Bacteroidia(200643);o__Bacteroidales(171549);f__Muribaculaceae(2005473);g__Duncaniella(2518495);s__Duncaniella freteri(2530391);t__Duncaniella freteri(2530391);
Enterococcus_u_t,Bacteria,Firmicutes,Bacilli,Lactobacillales,Enterococcaceae,Enterococcus,Enterococcus_u_s,Enterococcus_u_t,0.00163,0,0,0,0,0,0,0.00173,0,0,0.00385,0.00741,0,0,0,0.00153,0.00374,0.00445,0.00409,0.00296,1350,k__Bacteria(2);p__Firmicutes(1239);c__Bacilli(91061);o__Lactobacillales(186826);f__Enterococcaceae(81852);g__Enterococcus(1350);s__Enterococcus_u_s(1350);t__Enterococcus_u_t(1350);
Enterococcus faecalis,Bacteria,Firmicutes,Bacilli,Lactobacillales,Enterococcaceae,Enterococcus,Enterococcus faecalis,Enterococcus faecalis,0.00039,0,0,0,0,0,0,0,0.00033,0,0.00063,0.00055,0,0,0,0.00059,0,0,0,0,1351,k__Bacteria(2);p__Firmicutes(1239);c__Bacilli(91061);o__Lactobacillales(186826);f__Enterococcaceae(81852);g__Enterococcus(1350);s__Enterococcus faecalis(1351);t__Enterococcus faecalis(1351);
Enterococcus faecium,Bacteria,Firmicutes,Bacilli,Lactobacillales,Enterococcaceae,Enterococcus,Enterococcus faecium,Enterococcus faecium,0,0,0,0,0,0,0,0,0,0,0,0.00064,0,0,0,0,0,0,0,0,1352,k__Bacteria(2);p__Firmicutes(1239);c__Bacilli(91061);o__Lactobacillales(186826);f__Enterococcaceae(81852);g__Enterococcus(1350);s__Enterococcus faecium(1352);t__Enterococcus faecium(1352);
Enterorhabdus caecimuris B7,Bacteria,Actinobacteria,Coriobacteriia,Eggerthellales,Eggerthellaceae,Adlercreutzia,Adlercreutzia caecimuris,Enterorhabdus caecimuris B7,0.004,0.00212,0.00276,0.00318,0.00277,0.00187,0.00339,0.00505,0.00155,0.00695,0.00336,0.00229,0.00636,0.00281,0.00205,0.00404,0.00277,0.00484,0.0045,0.00461,1235794,k__Bacteria(2);p__Actinobacteria(201174);c__Coriobacteriia(84998);o__Eggerthellales(1643822);f__Eggerthellaceae(1643826);g__Adlercreutzia(447020);s__Adlercreutzia caecimuris(671266);t__Enterorhabdus caecimuris B7(1235794);
Enterorhabdus mucosicola DSM 19490,Bacteria,Actinobacteria,Coriobacteriia,Eggerthellales,Eggerthellaceae,Adlercreutzia,Adlercreutzia mucosicola,Enterorhabdus mucosicola DSM 19490,0.00268,0,0,0,0,0,0,0,0,0,0.00244,0.0015,0.00474,0.00241,0.00167,0.00332,0.00214,0.00352,0.00287,0.00343,1121866,k__Bacteria(2);p__Actinobacteria(201174);c__Coriobacteriia(84998);o__Eggerthellales(1643822);f__Eggerthellaceae(1643826);g__Adlercreutzia(447020);s__Adlercreutzia mucosicola(580026);t__Enterorhabdus mucosicola DSM 19490(1121866);
Enterorhabdus sp. NM05_H27,Bacteria,Actinobacteria,Coriobacteriia,Eggerthellales,Eggerthellaceae,Enterorhabdus,Enterorhabdus_u_s,Enterorhabdus sp. NM05_H27,0.00688,0.0019,0.00179,0.00336,0.00345,0.00162,0.00452,0.0061,0.00229,0.00581,0.00681,0.00246,0.01321,0.00536,0.00478,0.01009,0.00388,0.01026,0.00846,0.00903,2516956,k__Bacteria(2);p__Actinobacteria(201174);c__Coriobacteriia(84998);o__Eggerthellales(1643822);f__Eggerthellaceae(1643826);g__Enterorhabdus(580024);s__Enterorhabdus_u_s(580024);t__Enterorhabdus sp. NM05_H27(2516956);
Eubacterium plexicaudatum ASF492,Bacteria,Firmicutes,Clostridia,Clostridiales,Eubacteriaceae,Eubacterium,Eubacterium plexicaudatum,Eubacterium plexicaudatum ASF492,0.00189,0.00255,0.00082,0.00392,0.00262,0.0009,0.00127,0.0036,0.00132,0.0015,0.00473,0.00594,0.00144,0.00144,0.0014,0.00386,0.0078,0.00371,0.0029,0.0025,1235802,k__Bacteria(2);p__Firmicutes(1239);c__Clostridia(186801);o__Clostridiales(186802);f__Eubacteriaceae(186806);g__Eubacterium(1730);s__Eubacterium plexicaudatum(97253);t__Eubacterium plexicaudatum ASF492(1235802);
Eubacterium sp. 14-2,Bacteria,Firmicutes,Clostridia,Clostridiales,Eubacteriaceae,Eubacterium,Eubacterium_u_s,Eubacterium sp. 14-2,0.00169,0.00219,0,0.00194,0.00169,0.00106,0.00116,0.00382,0.00077,0.00168,0.00569,0.00479,0.00161,0.00157,0.00212,0.00349,0.00616,0.00707,0.0032,0.00247,1235790,k__Bacteria(2);p__Firmicutes(1239);c__Clostridia(186801);o__Clostridiales(186802);f__Eubacteriaceae(186806);g__Eubacterium(1730);s__Eubacterium_u_s(1730);t__Eubacterium sp. 14-2(1235790);
Faecalibaculum rodentium,Bacteria,Firmicutes,Erysipelotrichia,Erysipelotrichales,Erysipelotrichaceae,Faecalibaculum,Faecalibaculum rodentium,Faecalibaculum rodentium,0.01944,0.02282,0.01954,0.00146,0.00818,0.00141,0.00155,0,0,0.01334,0.00133,0,0.00612,0.00149,0.0018,0.00183,0,0.00115,0.00526,0.00331,1702221,k__Bacteria(2);p__Firmicutes(1239);c__Erysipelotrichia(526524);o__Erysipelotrichales(526525);f__Erysipelotrichaceae(128827);g__Faecalibaculum(1729679);s__Faecalibaculum rodentium(1702221);t__Faecalibaculum rodentium(1702221);
Fibrobacter sp. UWB16,Bacteria,Fibrobacteres,Fibrobacteria,Fibrobacterales,Fibrobacteraceae,Fibrobacter,Fibrobacter_u_s,Fibrobacter sp. UWB16,0,0,0,0,0,0,0,0,0,0,0,0,0,0,0.00245,0,0,0,0,0,1945874,k__Bacteria(2);p__Fibrobacteres(65842);c__Fibrobacteria(204430);o__Fibrobacterales(218872);f__Fibrobacteraceae(204431);g__Fibrobacter(832);s__Fibrobacter_u_s(832);t__Fibrobacter sp. UWB16(1945874);
Fibrobacter sp. UWR2,Bacteria,Fibrobacteres,Fibrobacteria,Fibrobacterales,Fibrobacteraceae,Fibrobacter,Fibrobacter_u_s,Fibrobacter sp. UWR2,0,0,0,0,0,0,0,0,0,0,0,0,0,0,0,0.00059,0,0,0,0,1964352,k__Bacteria(2);p__Fibrobacteres(65842);c__Fibrobacteria(204430);o__Fibrobacterales(218872);f__Fibrobacteraceae(204431);g__Fibrobacter(832);s__Fibrobacter_u_s(832);t__Fibrobacter sp. UWR2(1964352);
Firmicutes bacterium ASF500,Bacteria,Firmicutes,Firmicutes_u_c,Firmicutes_u_o,Firmicutes_u_f,Firmicutes_u_g,Firmicutes_u_s,Firmicutes bacterium ASF500,0.00636,0.00856,0.0022,0.00498,0.00853,0.00198,0.00226,0.01286,0.00375,0.00509,0.0092,0.01036,0.00226,0.0014,0.00214,0.01093,0.01392,0.00655,0.00557,0.00423,1378168,k__Bacteria(2);p__Firmicutes(1239);c__Firmicutes_u_c(1239);o__Firmicutes_u_o(1239);f__Firmicutes_u_f(1239);g__Firmicutes_u_g(1239);s__Firmicutes_u_s(1239);t__Firmicutes bacterium ASF500(1378168);
Succinivibrionaceae_u_t,Bacteria,Proteobacteria,Gammaproteobacteria,Aeromonadales,Succinivibrionaceae,Succinivibrionaceae_u_g,Succinivibrionaceae_u_s,Succinivibrionaceae_u_t,0,0,0,0,0,0,0,0,0,0,0,0,0,0,0,0.00414,0.00377,0.00091,0,0,83763,k__Bacteria(2);p__Proteobacteria(1224);c__Gammaproteobacteria(1236);o__Aeromonadales(135624);f__Succinivibrionaceae(83763);g__Succinivibrionaceae_u_g(83763);s__Succinivibrionaceae_u_s(83763);t__Succinivibrionaceae_u_t(83763);
Jeotgalicoccus nanhaiensis,Bacteria,Firmicutes,Bacilli,Bacillales,Staphylococcaceae,Jeotgalicoccus,Jeotgalicoccus nanhaiensis,Jeotgalicoccus nanhaiensis,0,0.00057,0,0,0,0,0,0,0,0,0,0,0,0,0,0,0,0,0,0,568603,k__Bacteria(2);p__Firmicutes(1239);c__Bacilli(91061);o__Bacillales(1385);f__Staphylococcaceae(90964);g__Jeotgalicoccus(227979);s__Jeotgalicoccus nanhaiensis(568603);t__Jeotgalicoccus nanhaiensis(568603);
Lachnoclostridium sp. YL32,Bacteria,Firmicutes,Clostridia,Clostridiales,Lachnospiraceae,Lachnoclostridium,Lachnoclostridium_u_s,Lachnoclostridium sp. YL32,0.0003,0,0,0,0,0,0,0,0,0,0.00087,0.00079,0,0,0,0.00078,0.00088,0.00047,0,0,1834196,k__Bacteria(2);p__Firmicutes(1239);c__Clostridia(186801);o__Clostridiales(186802);f__Lachnospiraceae(186803);g__Lachnoclostridium(1506553);s__Lachnoclostridium_u_s(1506553);t__Lachnoclostridium sp. YL32(1834196);
Lachnospiraceae bacterium 10-1,Bacteria,Firmicutes,Clostridia,Clostridiales,Lachnospiraceae,Lachnospiraceae_u_g,Lachnospiraceae_u_s,Lachnospiraceae bacterium 10-1,0.00982,0.01059,0.02805,0.04075,0.04357,0.02278,0.03663,0.01304,0.00614,0.05017,0.01112,0.06988,0.01437,0.0057,0.00397,0.07838,0.02899,0.01631,0.02098,0.03004,1235800,k__Bacteria(2);p__Firmicutes(1239);c__Clostridia(186801);o__Clostridiales(186802);f__Lachnospiraceae(186803);g__Lachnospiraceae_u_g(186803);s__Lachnospiraceae_u_s(186803);t__Lachnospiraceae bacterium 10-1(1235800);
Lachnospiraceae bacterium 28-4,Bacteria,Firmicutes,Clostridia,Clostridiales,Lachnospiraceae,Lachnospiraceae_u_g,Lachnospiraceae_u_s,Lachnospiraceae bacterium 28-4,0.00724,0.01689,0.00686,0.00764,0.00517,0.0017,0.0015,0.05766,0.0188,0.01112,0.05131,0.00637,0.00151,0.00588,0.01336,0.0402,0.02635,0.05839,0.03202,0.00469,397287,k__Bacteria(2);p__Firmicutes(1239);c__Clostridia(186801);o__Clostridiales(186802);f__Lachnospiraceae(186803);g__Lachnospiraceae_u_g(186803);s__Lachnospiraceae_u_s(186803);t__Lachnospiraceae bacterium 28-4(397287);
Lachnospiraceae bacterium 3-1,Bacteria,Firmicutes,Clostridia,Clostridiales,Lachnospiraceae,Lachnospiraceae_u_g,Lachnospiraceae_u_s,Lachnospiraceae bacterium 3-1,0.00425,0.00656,0.00229,0.00483,0.00487,0.00838,0.0083,0.01869,0.00258,0.00621,0.00847,0.00973,0.00238,0.00256,0.0027,0.00871,0.0121,0.00823,0.00564,0.00464,397288,k__Bacteria(2);p__Firmicutes(1239);c__Clostridia(186801);o__Clostridiales(186802);f__Lachnospiraceae(186803);g__Lachnospiraceae_u_g(186803);s__Lachnospiraceae_u_s(186803);t__Lachnospiraceae bacterium 3-1(397288);
Lachnospiraceae bacterium MD308,Bacteria,Firmicutes,Clostridia,Clostridiales,Lachnospiraceae,Lachnospiraceae_u_g,Lachnospiraceae_u_s,Lachnospiraceae bacterium MD308,0.00277,0.00538,0.00328,0.0137,0.01028,0.00325,0.01504,0.03566,0.00544,0.00219,0.0021,0.00225,0.00064,0.00072,0.00058,0.00306,0.00384,0.00255,0.00203,0.00126,1235799,k__Bacteria(2);p__Firmicutes(1239);c__Clostridia(186801);o__Clostridiales(186802);f__Lachnospiraceae(186803);g__Lachnospiraceae_u_g(186803);s__Lachnospiraceae_u_s(186803);t__Lachnospiraceae bacterium MD308(1235799);
Lachnospiraceae bacterium A2,Bacteria,Firmicutes,Clostridia,Clostridiales,Lachnospiraceae,Lachnospiraceae_u_g,Lachnospiraceae_u_s,Lachnospiraceae bacterium A2,0.00449,0.00639,0.00232,0.00691,0.00615,0.00612,0.03543,0.01589,0.00815,0.00431,0.00897,0.00915,0.00366,0.00313,0.00305,0.01186,0.01243,0.01049,0.00588,0.00424,397290,k__Bacteria(2);p__Firmicutes(1239);c__Clostridia(186801);o__Clostridiales(186802);f__Lachnospiraceae(186803);g__Lachnospiraceae_u_g(186803);s__Lachnospiraceae_u_s(186803);t__Lachnospiraceae bacterium A2(397290);
Lachnospiraceae bacterium A4,Bacteria,Firmicutes,Clostridia,Clostridiales,Lachnospiraceae,Lachnospiraceae_u_g,Lachnospiraceae_u_s,Lachnospiraceae bacterium A4,0.0478,0.06501,0.03091,0.05886,0.04505,0.00331,0.01201,0.029,0.04808,0.01192,0.11083,0.11902,0.01484,0.02343,0.0374,0.06341,0.09281,0.09543,0.07693,0.05446,397291,k__Bacteria(2);p__Firmicutes(1239);c__Clostridia(186801);o__Clostridiales(186802);f__Lachnospiraceae(186803);g__Lachnospiraceae_u_g(186803);s__Lachnospiraceae_u_s(186803);t__Lachnospiraceae bacterium A4(397291);
Lachnospiraceae bacterium C6A11,Bacteria,Firmicutes,Clostridia,Clostridiales,Lachnospiraceae,Lachnospiraceae_u_g,Lachnospiraceae_u_s,Lachnospiraceae bacterium C6A11,0,0,0,0,0,0,0,0,0,0,0,0,0,0,0.00056,0,0,0,0,0,1410622,k__Bacteria(2);p__Firmicutes(1239);c__Clostridia(186801);o__Clostridiales(186802);f__Lachnospiraceae(186803);g__Lachnospiraceae_u_g(186803);s__Lachnospiraceae_u_s(186803);t__Lachnospiraceae bacterium C6A11(1410622);
Lachnospiraceae bacterium MD335,Bacteria,Firmicutes,Clostridia,Clostridiales,Lachnospiraceae,Lachnospiraceae_u_g,Lachnospiraceae_u_s,Lachnospiraceae bacterium MD335,0.00806,0.00496,0.00274,0.02362,0.01506,0.00132,0.00234,0.04068,0.00344,0.01056,0.058,0.06665,0.01669,0.02057,0.02558,0.08313,0.11795,0.04381,0.03447,0.03061,1235793,k__Bacteria(2);p__Firmicutes(1239);c__Clostridia(186801);o__Clostridiales(186802);f__Lachnospiraceae(186803);g__Lachnospiraceae_u_g(186803);s__Lachnospiraceae_u_s(186803);t__Lachnospiraceae bacterium MD335(1235793);
Lachnospiraceae bacterium M18-1,Bacteria,Firmicutes,Clostridia,Clostridiales,Lachnospiraceae,Lachnospiraceae_u_g,Lachnospiraceae_u_s,Lachnospiraceae bacterium M18-1,0.009,0.01708,0.00239,0.00304,0.0048,0.0008,0.00178,0.0107,0.00191,0.00164,0.00934,0.00842,0.0042,0.00447,0.00217,0.00864,0.0138,0.00778,0.00565,0.00413,1235792,k__Bacteria(2);p__Firmicutes(1239);c__Clostridia(186801);o__Clostridiales(186802);f__Lachnospiraceae(186803);g__Lachnospiraceae_u_g(186803);s__Lachnospiraceae_u_s(186803);t__Lachnospiraceae bacterium M18-1(1235792);
Lachnospiraceae bacterium NK4A179,Bacteria,Firmicutes,Clostridia,Clostridiales,Lachnospiraceae,Lachnospiraceae_u_g,Lachnospiraceae_u_s,Lachnospiraceae bacterium NK4A179,0,0,0,0,0,0,0,0,0,0,0,0,0,0,0.00089,0,0,0.00062,0,0,877424,k__Bacteria(2);p__Firmicutes(1239);c__Clostridia(186801);o__Clostridiales(186802);f__Lachnospiraceae(186803);g__Lachnospiraceae_u_g(186803);s__Lachnospiraceae_u_s(186803);t__Lachnospiraceae bacterium NK4A179(877424);
Lactobacillaceae bacterium,Bacteria,Firmicutes,Bacilli,Lactobacillales,Lactobacillales_u_f,Lactobacillales_u_g,Lactobacillales_u_s,Lactobacillaceae bacterium,0,0,0,0,0,0.01103,0.02821,0.0044,0.03316,0.01358,0,0,0,0,0,0,0,0,0,0,2291323,k__Bacteria(2);p__Firmicutes(1239);c__Bacilli(91061);o__Lactobacillales(186826);f__Lactobacillales_u_f(186826);g__Lactobacillales_u_g(186826);s__Lactobacillales_u_s(186826);t__Lactobacillaceae bacterium(2291323);
Ligilactobacillus animalis,Bacteria,Firmicutes,Bacilli,Lactobacillales,Lactobacillaceae,Ligilactobacillus,Ligilactobacillus animalis,Ligilactobacillus animalis,0.00031,0.00078,0.00359,0.00048,0,0.00809,0.0008,0.00095,0.00314,0.00067,0.0007,0.00058,0.00034,0.0013,0.0004,0.00089,0,0.00064,0.00104,0.00117,1605,k__Bacteria(2);p__Firmicutes(1239);c__Bacilli(91061);o__Lactobacillales(186826);f__Lactobacillaceae(33958);g__Ligilactobacillus(2767887);s__Ligilactobacillus animalis(1605);t__Ligilactobacillus animalis(1605);
Lactobacillus johnsonii N6.2,Bacteria,Firmicutes,Bacilli,Lactobacillales,Lactobacillaceae,Lactobacillus,Lactobacillus johnsonii,Lactobacillus johnsonii N6.2,0.08589,0.11381,0.0558,0.15267,0.10878,0.06974,0.08507,0.02481,0.07834,0.04652,0.05724,0.06968,0.12958,0.1406,0.10718,0.04108,0.05736,0.13237,0.0451,0.12888,1408186,k__Bacteria(2);p__Firmicutes(1239);c__Bacilli(91061);o__Lactobacillales(186826);f__Lactobacillaceae(33958);g__Lactobacillus(1578);s__Lactobacillus johnsonii(33959);t__Lactobacillus johnsonii N6.2(1408186);
Lactobacillus murinus ASF361,Bacteria,Firmicutes,Bacilli,Lactobacillales,Lactobacillaceae,Ligilactobacillus,Ligilactobacillus murinus,Lactobacillus murinus ASF361,0.09528,0.05413,0.14811,0.03827,0.03564,0.36807,0.15698,0.07037,0.13786,0.05511,0.12691,0.09604,0.2027,0.21226,0.20421,0.10736,0.0607,0.08828,0.13952,0.15014,1235801,k__Bacteria(2);p__Firmicutes(1239);c__Bacilli(91061);o__Lactobacillales(186826);f__Lactobacillaceae(33958);g__Ligilactobacillus(2767887);s__Ligilactobacillus murinus(1622);t__Lactobacillus murinus ASF361(1235801);
Lactobacillus reuteri TD1,Bacteria,Firmicutes,Bacilli,Lactobacillales,Lactobacillaceae,Limosilactobacillus,Limosilactobacillus reuteri,Lactobacillus reuteri TD1,0,0,0,0,0,0,0,0.01501,0,0,0,0,0,0,0,0,0,0,0,0,1358027,k__Bacteria(2);p__Firmicutes(1239);c__Bacilli(91061);o__Lactobacillales(186826);f__Lactobacillaceae(33958);g__Limosilactobacillus(2742598);s__Limosilactobacillus reuteri(1598);t__Lactobacillus reuteri TD1(1358027);
Limosilactobacillus reuteri subsp. murium,Bacteria,Firmicutes,Bacilli,Lactobacillales,Lactobacillaceae,Limosilactobacillus,Limosilactobacillus reuteri,Limosilactobacillus reuteri subsp. murium,0.06323,0.08305,0.01158,0.07468,0.05615,0.03781,0.0648,0,0.08266,0.05958,0.04816,0.06662,0.08049,0.09341,0.07682,0.06217,0.04266,0.11797,0.02589,0.08906,863368,k__Bacteria(2);p__Firmicutes(1239);c__Bacilli(91061);o__Lactobacillales(186826);f__Lactobacillaceae(33958);g__Limosilactobacillus(2742598);s__Limosilactobacillus reuteri(1598);t__Limosilactobacillus reuteri subsp. murium(863368);
Lactobacillus sp. 0.1XD8-4,Bacteria,Firmicutes,Bacilli,Lactobacillales,Lactobacillaceae,Lactobacillus,Lactobacillus_u_s,Lactobacillus sp. 0.1XD8-4,0,0,0,0.0005,0,0,0,0,0,0,0,0,0,0,0,0,0,0,0,0,2478961,k__Bacteria(2);p__Firmicutes(1239);c__Bacilli(91061);o__Lactobacillales(186826);f__Lactobacillaceae(33958);g__Lactobacillus(1578);s__Lactobacillus_u_s(1578);t__Lactobacillus sp. 0.1XD8-4(2478961);
Lactobacillus sp. ASF360,Bacteria,Firmicutes,Bacilli,Lactobacillales,Lactobacillaceae,Lactobacillus,Lactobacillus_u_s,Lactobacillus sp. ASF360,0,0,0,0,0,0.01308,0.03416,0.00536,0.04354,0.01614,0,0,0,0,0,0,0,0,0,0,97137,k__Bacteria(2);p__Firmicutes(1239);c__Bacilli(91061);o__Lactobacillales(186826);f__Lactobacillaceae(33958);g__Lactobacillus(1578);s__Lactobacillus_u_s(1578);t__Lactobacillus sp. ASF360(97137);
Methanobrevibacter smithii,Archaea,Euryarchaeota,Methanobacteria,Methanobacteriales,Methanobacteriaceae,Methanobrevibacter,Methanobrevibacter smithii,Methanobrevibacter smithii,0,0,0,0,0,0,0,0,0,0,0,0,0,0,0.00053,0,0,0,0,0,2173,k__Archaea(2157);p__Euryarchaeota(28890);c__Methanobacteria(183925);o__Methanobacteriales(2158);f__Methanobacteriaceae(2159);g__Methanobrevibacter(2172);s__Methanobrevibacter smithii(2173);t__Methanobrevibacter smithii(2173);
Mucispirillum schaedleri ASF457,Bacteria,Deferribacteres,Deferribacteres,Deferribacterales,Deferribacteraceae,Mucispirillum,Mucispirillum schaedleri,Mucispirillum schaedleri ASF457,0.00343,0.00081,0,0.00089,0.00097,0.00084,0,0.00242,0.00086,0.0008,0.03235,0.05532,0.00039,0.00102,0,0.00431,0.00725,0.00529,0.00906,0.00871,1379858,k__Bacteria(2);p__Deferribacteres(200930);c__Deferribacteres(68337);o__Deferribacterales(191393);f__Deferribacteraceae(191394);g__Mucispirillum(248038);s__Mucispirillum schaedleri(248039);t__Mucispirillum schaedleri ASF457(1379858);
Heminiphilus faecis,Bacteria,Bacteroidetes,Bacteroidia,Bacteroidales,Muribaculaceae,Heminiphilus,Heminiphilus faecis,Heminiphilus faecis,0.00047,0,0.00065,0.00051,0,0,0,0,0.00029,0,0,0,0.00039,0,0,0,0,0,0,0,2601703,k__Bacteria(2);p__Bacteroidetes(976);c__Bacteroidia(200643);o__Bacteroidales(171549);f__Muribaculaceae(2005473);g__Heminiphilus(2814934);s__Heminiphilus faecis(2601703);t__Heminiphilus faecis(2601703);
Muribaculaceae bacterium Isolate-001 (NCI),Bacteria,Bacteroidetes,Bacteroidia,Bacteroidales,Muribaculaceae,Muribaculaceae_u_g,Muribaculaceae_u_s,Muribaculaceae bacterium Isolate-001 (NCI),0.00171,0,0.00333,0.00192,0.00265,0.00099,0.00161,0.00145,0.001,0.00178,0,0,0,0.00079,0,0.00056,0,0,0,0,2489214,k__Bacteria(2);p__Bacteroidetes(976);c__Bacteroidia(200643);o__Bacteroidales(171549);f__Muribaculaceae(2005473);g__Muribaculaceae_u_g(2005473);s__Muribaculaceae_u_s(2005473);t__Muribaculaceae bacterium Isolate-001 (NCI)(2489214);
Muribaculaceae bacterium Isolate-004 (NCI),Bacteria,Bacteroidetes,Bacteroidia,Bacteroidales,Muribaculaceae,Muribaculaceae_u_g,Muribaculaceae_u_s,Muribaculaceae bacterium Isolate-004 (NCI),0.00121,0.0009,0.00147,0.00088,0.00102,0.00065,0.00126,0.00107,0.00075,0.00131,0.00071,0,0.00143,0.00103,0.00096,0.00068,0.00089,0.00065,0.00122,0.00111,2489216,k__Bacteria(2);p__Bacteroidetes(976);c__Bacteroidia(200643);o__Bacteroidales(171549);f__Muribaculaceae(2005473);g__Muribaculaceae_u_g(2005473);s__Muribaculaceae_u_s(2005473);t__Muribaculaceae bacterium Isolate-004 (NCI)(2489216);
Muribaculaceae bacterium Isolate-013 (NCI),Bacteria,Bacteroidetes,Bacteroidia,Bacteroidales,Muribaculaceae,Muribaculaceae_u_g,Muribaculaceae_u_s,Muribaculaceae bacterium Isolate-013 (NCI),0.00173,0.00081,0.00148,0.0009,0.00107,0.0007,0.00149,0.00146,0.00096,0.00122,0.00074,0,0.00202,0.00178,0.00172,0.00057,0,0.0006,0.00222,0.00199,2489218,k__Bacteria(2);p__Bacteroidetes(976);c__Bacteroidia(200643);o__Bacteroidales(171549);f__Muribaculaceae(2005473);g__Muribaculaceae_u_g(2005473);s__Muribaculaceae_u_s(2005473);t__Muribaculaceae bacterium Isolate-013 (NCI)(2489218);
Muribaculaceae bacterium Isolate-036 (Harlan),Bacteria,Bacteroidetes,Bacteroidia,Bacteroidales,Muribaculaceae,Muribaculaceae_u_g,Muribaculaceae_u_s,Muribaculaceae bacterium Isolate-036 (Harlan),0.00128,0.00085,0.00191,0.00101,0.00121,0.00125,0.0018,0.0013,0.00118,0.00191,0.00069,0,0.00155,0.00056,0.00091,0.00054,0,0,0.00143,0.00108,2486460,k__Bacteria(2);p__Bacteroidetes(976);c__Bacteroidia(200643);o__Bacteroidales(171549);f__Muribaculaceae(2005473);g__Muribaculaceae_u_g(2005473);s__Muribaculaceae_u_s(2005473);t__Muribaculaceae bacterium Isolate-036 (Harlan)(2486460);
Muribaculaceae bacterium Isolate-037 (Harlan),Bacteria,Bacteroidetes,Bacteroidia,Bacteroidales,Muribaculaceae,Muribaculaceae_u_g,Muribaculaceae_u_s,Muribaculaceae bacterium Isolate-037 (Harlan),0,0,0,0,0,0,0,0,0,0,0,0,0.00032,0,0,0,0,0,0,0,2486461,k__Bacteria(2);p__Bacteroidetes(976);c__Bacteroidia(200643);o__Bacteroidales(171549);f__Muribaculaceae(2005473);g__Muribaculaceae_u_g(2005473);s__Muribaculaceae_u_s(2005473);t__Muribaculaceae bacterium Isolate-037 (Harlan)(2486461);
Muribaculaceae bacterium Isolate-039 (Harlan),Bacteria,Bacteroidetes,Bacteroidia,Bacteroidales,Muribaculaceae,Muribaculaceae_u_g,Muribaculaceae_u_s,Muribaculaceae bacterium Isolate-039 (Harlan),0.00187,0,0,0,0,0,0,0,0,0,0,0.00078,0.00055,0.0014,0,0.00111,0,0.00111,0.00082,0.00066,2486466,k__Bacteria(2);p__Bacteroidetes(976);c__Bacteroidia(200643);o__Bacteroidales(171549);f__Muribaculaceae(2005473);g__Muribaculaceae_u_g(2005473);s__Muribaculaceae_u_s(2005473);t__Muribaculaceae bacterium Isolate-039 (Harlan)(2486466);
Muribaculaceae bacterium Isolate-043 (Harlan),Bacteria,Bacteroidetes,Bacteroidia,Bacteroidales,Muribaculaceae,Muribaculaceae_u_g,Muribaculaceae_u_s,Muribaculaceae bacterium Isolate-043 (Harlan),0.00157,0.001,0.0018,0.00108,0.00119,0.00096,0.0012,0.00129,0.00095,0.00142,0.00086,0.00067,0.00252,0.0011,0.00112,0.0008,0,0.0005,0.00178,0.00163,2486463,k__Bacteria(2);p__Bacteroidetes(976);c__Bacteroidia(200643);o__Bacteroidales(171549);f__Muribaculaceae(2005473);g__Muribaculaceae_u_g(2005473);s__Muribaculaceae_u_s(2005473);t__Muribaculaceae bacterium Isolate-043 (Harlan)(2486463);
Muribaculaceae bacterium Isolate-077 (Janvier),Bacteria,Bacteroidetes,Bacteroidia,Bacteroidales,Muribaculaceae,Muribaculaceae_u_g,Muribaculaceae_u_s,Muribaculaceae bacterium Isolate-077 (Janvier),0.00114,0,0,0.00187,0.00148,0,0,0.00231,0.00087,0,0.00133,0,0,0,0,0.00113,0.00122,0.00089,0.00169,0.00145,2486467,k__Bacteria(2);p__Bacteroidetes(976);c__Bacteroidia(200643);o__Bacteroidales(171549);f__Muribaculaceae(2005473);g__Muribaculaceae_u_g(2005473);s__Muribaculaceae_u_s(2005473);t__Muribaculaceae bacterium Isolate-077 (Janvier)(2486467);
Muribaculaceae bacterium Isolate-080 (Janvier),Bacteria,Bacteroidetes,Bacteroidia,Bacteroidales,Muribaculaceae,Muribaculaceae_u_g,Muribaculaceae_u_s,Muribaculaceae bacterium Isolate-080 (Janvier),0.00053,0,0.00057,0.00048,0,0.00051,0.00103,0.00099,0.0007,0.001,0,0,0.00056,0,0.00047,0,0,0,0.00055,0.00048,2486468,k__Bacteria(2);p__Bacteroidetes(976);c__Bacteroidia(200643);o__Bacteroidales(171549);f__Muribaculaceae(2005473);g__Muribaculaceae_u_g(2005473);s__Muribaculaceae_u_s(2005473);t__Muribaculaceae bacterium Isolate-080 (Janvier)(2486468);
Muribaculaceae bacterium Isolate-083 (Janvier),Bacteria,Bacteroidetes,Bacteroidia,Bacteroidales,Muribaculaceae,Muribaculaceae_u_g,Muribaculaceae_u_s,Muribaculaceae bacterium Isolate-083 (Janvier),0.00095,0,0.00135,0.00108,0.0013,0.00087,0.00154,0,0,0.00138,0.00065,0,0.00071,0,0.00082,0,0,0.00073,0.0008,0.00052,2486464,k__Bacteria(2);p__Bacteroidetes(976);c__Bacteroidia(200643);o__Bacteroidales(171549);f__Muribaculaceae(2005473);g__Muribaculaceae_u_g(2005473);s__Muribaculaceae_u_s(2005473);t__Muribaculaceae bacterium Isolate-083 (Janvier)(2486464);
Muribaculaceae bacterium Isolate-102 (HZI),Bacteria,Bacteroidetes,Bacteroidia,Bacteroidales,Muribaculaceae,Muribaculaceae_u_g,Muribaculaceae_u_s,Muribaculaceae bacterium Isolate-102 (HZI),0.09369,0.1048,0.12575,0.08813,0.09982,0.07707,0.09811,0.10138,0.06143,0.10821,0.03192,0.03729,0.04335,0.04956,0.03862,0.03824,0.03625,0.05312,0.07143,0.06238,2486470,k__Bacteria(2);p__Bacteroidetes(976);c__Bacteroidia(200643);o__Bacteroidales(171549);f__Muribaculaceae(2005473);g__Muribaculaceae_u_g(2005473);s__Muribaculaceae_u_s(2005473);t__Muribaculaceae bacterium Isolate-102 (HZI)(2486470);
Muribaculaceae bacterium Isolate-104 (HZI),Bacteria,Bacteroidetes,Bacteroidia,Bacteroidales,Muribaculaceae,Muribaculaceae_u_g,Muribaculaceae_u_s,Muribaculaceae bacterium Isolate-104 (HZI),0.00305,0.00284,0.00516,0.00303,0.00348,0.00211,0.00414,0.00357,0.00229,0.00325,0.00156,0.00099,0.00283,0.00209,0.00214,0.0013,0.00111,0.0013,0.00267,0.00237,2486471,k__Bacteria(2);p__Bacteroidetes(976);c__Bacteroidia(200643);o__Bacteroidales(171549);f__Muribaculaceae(2005473);g__Muribaculaceae_u_g(2005473);s__Muribaculaceae_u_s(2005473);t__Muribaculaceae bacterium Isolate-104 (HZI)(2486471);
Muribaculaceae bacterium Isolate-105 (HZI),Bacteria,Bacteroidetes,Bacteroidia,Bacteroidales,Muribaculaceae,Muribaculaceae_u_g,Muribaculaceae_u_s,Muribaculaceae bacterium Isolate-105 (HZI),0.01054,0.00546,0.00968,0.00553,0.0072,0.00503,0.00719,0.00728,0.00621,0.00971,0.00713,0.00562,0.01719,0.00914,0.01016,0.00641,0.00531,0.00669,0.01396,0.0124,2486472,k__Bacteria(2);p__Bacteroidetes(976);c__Bacteroidia(200643);o__Bacteroidales(171549);f__Muribaculaceae(2005473);g__Muribaculaceae_u_g(2005473);s__Muribaculaceae_u_s(2005473);t__Muribaculaceae bacterium Isolate-105 (HZI)(2486472);
Muribaculaceae bacterium Isolate-110 (HZI),Bacteria,Bacteroidetes,Bacteroidia,Bacteroidales,Muribaculaceae,Muribaculaceae_u_g,Muribaculaceae_u_s,Muribaculaceae bacterium Isolate-110 (HZI),0.00065,0.00067,0.00105,0.0007,0.00071,0.00057,0.00082,0.0009,0.00067,0.00106,0,0,0.00041,0,0,0,0,0,0,0.00044,2486473,k__Bacteria(2);p__Bacteroidetes(976);c__Bacteroidia(200643);o__Bacteroidales(171549);f__Muribaculaceae(2005473);g__Muribaculaceae_u_g(2005473);s__Muribaculaceae_u_s(2005473);t__Muribaculaceae bacterium Isolate-110 (HZI)(2486473);
Muribaculum sp. NM65_B17,Bacteria,Bacteroidetes,Bacteroidia,Bacteroidales,Muribaculaceae,Muribaculum,Muribaculum_u_s,Muribaculum sp. NM65_B17,0.06856,0.07485,0.0917,0.06557,0.07333,0.05824,0.07564,0.07734,0.04587,0.08085,0.02606,0.03067,0.0372,0.04069,0.03229,0.03064,0.02987,0.04197,0.05834,0.05014,2516961,k__Bacteria(2);p__Bacteroidetes(976);c__Bacteroidia(200643);o__Bacteroidales(171549);f__Muribaculaceae(2005473);g__Muribaculum(1918540);s__Muribaculum_u_s(1918540);t__Muribaculum sp. NM65_B17(2516961);
Oscillibacter sp. 1-3,Bacteria,Firmicutes,Clostridia,Clostridiales,Oscillospiraceae,Oscillibacter,Oscillibacter_u_s,Oscillibacter sp. 1-3,0.00697,0.00712,0.00215,0.00526,0.00719,0.00237,0.00258,0.01188,0.00415,0.00504,0.01003,0.01048,0.00228,0.00171,0.00239,0.01077,0.01311,0.00388,0.0063,0.0043,1235797,k__Bacteria(2);p__Firmicutes(1239);c__Clostridia(186801);o__Clostridiales(186802);f__Oscillospiraceae(216572);g__Oscillibacter(459786);s__Oscillibacter_u_s(459786);t__Oscillibacter sp. 1-3(1235797);
Parabacteroides distasonis,Bacteria,Bacteroidetes,Bacteroidia,Bacteroidales,Tannerellaceae,Parabacteroides,Parabacteroides distasonis,Parabacteroides distasonis,0.00566,0.00513,0.00621,0.005,0.00637,0.00157,0.00336,0.00516,0.00485,0.00413,0.00455,0.00369,0.0061,0.0055,0.007,0.00329,0.00148,0.00212,0.00475,0.00366,823,k__Bacteria(2);p__Bacteroidetes(976);c__Bacteroidia(200643);o__Bacteroidales(171549);f__Tannerellaceae(2005525);g__Parabacteroides(375288);s__Parabacteroides distasonis(823);t__Parabacteroides distasonis(823);
Parabacteroides goldsteinii CL02T12C30,Bacteria,Bacteroidetes,Bacteroidia,Bacteroidales,Tannerellaceae,Parabacteroides,Parabacteroides goldsteinii,Parabacteroides goldsteinii CL02T12C30,0.00038,0,0,0,0,0,0,0,0.00041,0,0,0,0.00035,0,0,0,0,0,0,0,999418,k__Bacteria(2);p__Bacteroidetes(976);c__Bacteroidia(200643);o__Bacteroidales(171549);f__Tannerellaceae(2005525);g__Parabacteroides(375288);s__Parabacteroides goldsteinii(328812);t__Parabacteroides goldsteinii CL02T12C30(999418);
Paramuribaculum intestinale,Bacteria,Bacteroidetes,Bacteroidia,Bacteroidales,Muribaculaceae,Paramuribaculum,Paramuribaculum intestinale,Paramuribaculum intestinale,0.00052,0,0,0,0.00087,0,0.00112,0,0.00052,0.00103,0,0,0,0,0,0,0,0,0,0,2094151,k__Bacteria(2);p__Bacteroidetes(976);c__Bacteroidia(200643);o__Bacteroidales(171549);f__Muribaculaceae(2005473);g__Paramuribaculum(2518497);s__Paramuribaculum intestinale(2094151);t__Paramuribaculum intestinale(2094151);
Parasutterella excrementihominis YIT 11859,Bacteria,Proteobacteria,Betaproteobacteria,Burkholderiales,Sutterellaceae,Parasutterella,Parasutterella excrementihominis,Parasutterella excrementihominis YIT 11859,0.00526,0.00601,0.01151,0.00485,0.00587,0.0054,0.00684,0,0.00328,0.00527,0,0,0,0,0,0,0,0,0,0,762966,k__Bacteria(2);p__Proteobacteria(1224);c__Betaproteobacteria(28216);o__Burkholderiales(80840);f__Sutterellaceae(995019);g__Parasutterella(577310);s__Parasutterella excrementihominis(487175);t__Parasutterella excrementihominis YIT 11859(762966);
Clostridioides difficile,Bacteria,Firmicutes,Clostridia,Clostridiales,Peptostreptococcaceae,Clostridioides,Clostridioides difficile,Clostridioides difficile,0.00223,0.00367,0.00228,0.00139,0.0044,0.00049,0.00235,0.00581,0.00079,0.00057,0.00359,0.00427,0.00136,0,0.00069,0.00476,0.00792,0.00406,0.00258,0.00126,1496,k__Bacteria(2);p__Firmicutes(1239);c__Clostridia(186801);o__Clostridiales(186802);f__Peptostreptococcaceae(186804);g__Clostridioides(1870884);s__Clostridioides difficile(1496);t__Clostridioides difficile(1496);
Prevotella_u_t,Bacteria,Bacteroidetes,Bacteroidia,Bacteroidales,Prevotellaceae,Prevotella,Prevotella_u_s,Prevotella_u_t,0,0,0,0,0,0,0,0,0,0,0,0,0,0,0,0.00213,0.00548,0.00106,0,0,838,k__Bacteria(2);p__Bacteroidetes(976);c__Bacteroidia(200643);o__Bacteroidales(171549);f__Prevotellaceae(171552);g__Prevotella(838);s__Prevotella_u_s(838);t__Prevotella_u_t(838);
Prevotella aff. ruminicola Tc2-24_u_t,Bacteria,Bacteroidetes,Bacteroidia,Bacteroidales,Prevotellaceae,Prevotella,Prevotella aff. ruminicola Tc2-24,Prevotella aff. ruminicola Tc2-24_u_t,0,0,0,0,0,0,0,0,0,0,0,0,0,0,0.00123,0,0,0,0,0,81582,k__Bacteria(2);p__Bacteroidetes(976);c__Bacteroidia(200643);o__Bacteroidales(171549);f__Prevotellaceae(171552);g__Prevotella(838);s__Prevotella aff. ruminicola Tc2-24(81582);t__Prevotella aff. ruminicola Tc2-24_u_t(81582);
Prevotella brevis ATCC 19188,Bacteria,Bacteroidetes,Bacteroidia,Bacteroidales,Prevotellaceae,Prevotella,Prevotella brevis,Prevotella brevis ATCC 19188,0,0,0,0,0,0,0,0,0,0,0,0,0,0,0.00085,0,0,0,0,0,1408472,k__Bacteria(2);p__Bacteroidetes(976);c__Bacteroidia(200643);o__Bacteroidales(171549);f__Prevotellaceae(171552);g__Prevotella(838);s__Prevotella brevis(83231);t__Prevotella brevis ATCC 19188(1408472);
Prevotella bryantii B14,Bacteria,Bacteroidetes,Bacteroidia,Bacteroidales,Prevotellaceae,Prevotella,Prevotella bryantii,Prevotella bryantii B14,0,0,0,0,0,0,0,0,0,0,0,0,0,0,0.00067,0,0,0,0,0,752555,k__Bacteria(2);p__Bacteroidetes(976);c__Bacteroidia(200643);o__Bacteroidales(171549);f__Prevotellaceae(171552);g__Prevotella(838);s__Prevotella bryantii(77095);t__Prevotella bryantii B14(752555);
Prevotella ruminicola 23,Bacteria,Bacteroidetes,Bacteroidia,Bacteroidales,Prevotellaceae,Prevotella,Prevotella ruminicola,Prevotella ruminicola 23,0,0,0,0,0,0,0,0,0,0,0,0,0,0,0.00407,0,0,0.00152,0,0,264731,k__Bacteria(2);p__Bacteroidetes(976);c__Bacteroidia(200643);o__Bacteroidales(171549);f__Prevotellaceae(171552);g__Prevotella(838);s__Prevotella ruminicola(839);t__Prevotella ruminicola 23(264731);
Prevotella sp. MGM1,Bacteria,Bacteroidetes,Bacteroidia,Bacteroidales,Prevotellaceae,Prevotella,Prevotella_u_s,Prevotella sp. MGM1,0.17314,0.13829,0.18516,0.1656,0.18102,0.14168,0.09968,0.18503,0.20236,0.19907,0.11951,0.09326,0.16767,0.13317,0.18683,0.08065,0.07664,0.056,0.12335,0.10047,2033405,k__Bacteria(2);p__Bacteroidetes(976);c__Bacteroidia(200643);o__Bacteroidales(171549);f__Prevotellaceae(171552);g__Prevotella(838);s__Prevotella_u_s(838);t__Prevotella sp. MGM1(2033405);
Prevotellaceae bacterium HUN156,Bacteria,Bacteroidetes,Bacteroidia,Bacteroidales,Prevotellaceae,Prevotellaceae_u_g,Prevotellaceae_u_s,Prevotellaceae bacterium HUN156,0,0,0,0,0,0,0,0,0,0,0,0,0,0,0.00129,0,0,0,0,0,1520830,k__Bacteria(2);p__Bacteroidetes(976);c__Bacteroidia(200643);o__Bacteroidales(171549);f__Prevotellaceae(171552);g__Prevotellaceae_u_g(171552);s__Prevotellaceae_u_s(171552);t__Prevotellaceae bacterium HUN156(1520830);
Prevotellaceae bacterium MN60,Bacteria,Bacteroidetes,Bacteroidia,Bacteroidales,Prevotellaceae,Prevotellaceae_u_g,Prevotellaceae_u_s,Prevotellaceae bacterium MN60,0,0,0,0,0,0,0,0,0,0,0,0,0,0,0.00105,0,0,0,0,0,1945887,k__Bacteria(2);p__Bacteroidetes(976);c__Bacteroidia(200643);o__Bacteroidales(171549);f__Prevotellaceae(171552);g__Prevotellaceae_u_g(171552);s__Prevotellaceae_u_s(171552);t__Prevotellaceae bacterium MN60(1945887);
Pseudobutyrivibrio ruminis AD2017,Bacteria,Firmicutes,Clostridia,Clostridiales,Lachnospiraceae,Pseudobutyrivibrio,Pseudobutyrivibrio ruminis,Pseudobutyrivibrio ruminis AD2017,0,0,0,0,0,0,0,0,0,0,0,0,0,0,0.0007,0,0,0,0,0,1280694,k__Bacteria(2);p__Firmicutes(1239);c__Clostridia(186801);o__Clostridiales(186802);f__Lachnospiraceae(186803);g__Pseudobutyrivibrio(46205);s__Pseudobutyrivibrio ruminis(46206);t__Pseudobutyrivibrio ruminis AD2017(1280694);
Roseburia sp. 1XD42-69,Bacteria,Firmicutes,Clostridia,Clostridiales,Lachnospiraceae,Roseburia,Roseburia_u_s,Roseburia sp. 1XD42-69,0.0095,0.0213,0.00222,0.00291,0.00372,0.00148,0.00215,0.00658,0.00191,0.00271,0.02935,0.04292,0.00522,0.00763,0.01451,0.0061,0.02563,0.00499,0.01318,0.01386,2320088,k__Bacteria(2);p__Firmicutes(1239);c__Clostridia(186801);o__Clostridiales(186802);f__Lachnospiraceae(186803);g__Roseburia(841);s__Roseburia_u_s(841);t__Roseburia sp. 1XD42-69(2320088);
Ruminobacter amylophilus,Bacteria,Proteobacteria,Gammaproteobacteria,Aeromonadales,Succinivibrionaceae,Ruminobacter,Ruminobacter amylophilus,Ruminobacter amylophilus,0,0,0,0,0,0,0,0,0,0,0,0,0,0,0.00144,0,0,0,0,0,867,k__Bacteria(2);p__Proteobacteria(1224);c__Gammaproteobacteria(1236);o__Aeromonadales(135624);f__Succinivibrionaceae(83763);g__Ruminobacter(866);s__Ruminobacter amylophilus(867);t__Ruminobacter amylophilus(867);
Ruminobacter sp. RM87,Bacteria,Proteobacteria,Gammaproteobacteria,Aeromonadales,Succinivibrionaceae,Ruminobacter,Ruminobacter_u_s,Ruminobacter sp. RM87,0,0,0,0,0,0,0,0,0,0,0,0,0,0,0.00136,0,0,0,0,0,1200567,k__Bacteria(2);p__Proteobacteria(1224);c__Gammaproteobacteria(1236);o__Aeromonadales(135624);f__Succinivibrionaceae(83763);g__Ruminobacter(866);s__Ruminobacter_u_s(866);t__Ruminobacter sp. RM87(1200567);
Ruminococcaceae bacterium KH2T8,Bacteria,Firmicutes,Clostridia,Clostridiales,Ruminococcaceae,Ruminococcaceae_u_g,Ruminococcaceae_u_s,Ruminococcaceae bacterium KH2T8,0,0,0,0,0,0,0,0,0,0,0,0,0,0,0.00059,0,0,0,0,0,1855400,k__Bacteria(2);p__Firmicutes(1239);c__Clostridia(186801);o__Clostridiales(186802);f__Ruminococcaceae(541000);g__Ruminococcaceae_u_g(541000);s__Ruminococcaceae_u_s(541000);t__Ruminococcaceae bacterium KH2T8(1855400);
Ruminococcaceae bacterium P7,Bacteria,Firmicutes,Clostridia,Clostridiales,Ruminococcaceae,Ruminococcaceae_u_g,Ruminococcaceae_u_s,Ruminococcaceae bacterium P7,0,0,0,0,0,0,0,0,0,0,0,0,0,0,0.0019,0.0006,0.00204,0,0,0,1200751,k__Bacteria(2);p__Firmicutes(1239);c__Clostridia(186801);o__Clostridiales(186802);f__Ruminococcaceae(541000);g__Ruminococcaceae_u_g(541000);s__Ruminococcaceae_u_s(541000);t__Ruminococcaceae bacterium P7(1200751);
Ruminococcus albus,Bacteria,Firmicutes,Clostridia,Clostridiales,Ruminococcaceae,Ruminococcus,Ruminococcus albus,Ruminococcus albus,0,0,0,0,0,0,0,0,0,0,0,0,0,0,0.00084,0,0,0,0,0,1264,k__Bacteria(2);p__Firmicutes(1239);c__Clostridia(186801);o__Clostridiales(186802);f__Ruminococcaceae(541000);g__Ruminococcus(1263);s__Ruminococcus albus(1264);t__Ruminococcus albus(1264);
Ruminococcus flavefaciens,Bacteria,Firmicutes,Clostridia,Clostridiales,Ruminococcaceae,Ruminococcus,Ruminococcus flavefaciens,Ruminococcus flavefaciens,0,0,0,0,0,0,0,0,0,0,0,0,0,0,0,0,0,0.00093,0,0,1265,k__Bacteria(2);p__Firmicutes(1239);c__Clostridia(186801);o__Clostridiales(186802);f__Ruminococcaceae(541000);g__Ruminococcus(1263);s__Ruminococcus flavefaciens(1265);t__Ruminococcus flavefaciens(1265);
Ruminococcus flavefaciens MA2007,Bacteria,Firmicutes,Clostridia,Clostridiales,Ruminococcaceae,Ruminococcus,Ruminococcus flavefaciens,Ruminococcus flavefaciens MA2007,0,0,0,0,0,0,0,0,0,0,0,0,0,0,0.00115,0,0,0,0,0,1410670,k__Bacteria(2);p__Firmicutes(1239);c__Clostridia(186801);o__Clostridiales(186802);f__Ruminococcaceae(541000);g__Ruminococcus(1263);s__Ruminococcus flavefaciens(1265);t__Ruminococcus flavefaciens MA2007(1410670);
Ruminococcus sp. NK3A76,Bacteria,Firmicutes,Clostridia,Clostridiales,Ruminococcaceae,Ruminococcus,Ruminococcus_u_s,Ruminococcus sp. NK3A76,0,0,0,0,0,0,0,0,0,0,0,0,0,0,0.00052,0,0,0,0,0,877411,k__Bacteria(2);p__Firmicutes(1239);c__Clostridia(186801);o__Clostridiales(186802);f__Ruminococcaceae(541000);g__Ruminococcus(1263);s__Ruminococcus_u_s(1263);t__Ruminococcus sp. NK3A76(877411);
Sarcina sp. DSM 11001,Bacteria,Firmicutes,Clostridia,Clostridiales,Clostridiaceae,Sarcina,Sarcina_u_s,Sarcina sp. DSM 11001,0,0,0,0,0,0,0,0,0,0,0,0,0,0.00068,0.0049,0.00322,0.0063,0.00262,0,0,1798184,k__Bacteria(2);p__Firmicutes(1239);c__Clostridia(186801);o__Clostridiales(186802);f__Clostridiaceae(31979);g__Sarcina(1266);s__Sarcina_u_s(1266);t__Sarcina sp. DSM 11001(1798184);
Selenomonas_u_t,Bacteria,Firmicutes,Negativicutes,Selenomonadales,Selenomonadaceae,Selenomonas,Selenomonas_u_s,Selenomonas_u_t,0,0,0,0,0,0,0,0,0,0,0,0,0,0,0,0.00093,0.00259,0.00382,0,0,970,k__Bacteria(2);p__Firmicutes(1239);c__Negativicutes(909932);o__Selenomonadales(909929);f__Selenomonadaceae(1843491);g__Selenomonas(970);s__Selenomonas_u_s(970);t__Selenomonas_u_t(970);
Selenomonas ruminantium AB3002,Bacteria,Firmicutes,Negativicutes,Selenomonadales,Selenomonadaceae,Selenomonas,Selenomonas ruminantium,Selenomonas ruminantium AB3002,0,0,0,0,0,0,0,0,0,0,0,0,0,0,0,0,0,0.00047,0,0,1392502,k__Bacteria(2);p__Firmicutes(1239);c__Negativicutes(909932);o__Selenomonadales(909929);f__Selenomonadaceae(1843491);g__Selenomonas(970);s__Selenomonas ruminantium(971);t__Selenomonas ruminantium AB3002(1392502);
Selenomonas ruminantium AC2024,Bacteria,Firmicutes,Negativicutes,Selenomonadales,Selenomonadaceae,Selenomonas,Selenomonas ruminantium,Selenomonas ruminantium AC2024,0,0,0,0,0,0,0,0,0,0,0,0,0,0,0.00081,0,0,0,0,0,1392501,k__Bacteria(2);p__Firmicutes(1239);c__Negativicutes(909932);o__Selenomonadales(909929);f__Selenomonadaceae(1843491);g__Selenomonas(970);s__Selenomonas ruminantium(971);t__Selenomonas ruminantium AC2024(1392501);
Selenomonas sp. FC4001,Bacteria,Firmicutes,Negativicutes,Selenomonadales,Selenomonadaceae,Selenomonas,Selenomonas_u_s,Selenomonas sp. FC4001,0,0,0,0,0,0,0,0,0,0,0,0,0,0,0.00071,0,0,0,0,0,1408313,k__Bacteria(2);p__Firmicutes(1239);c__Negativicutes(909932);o__Selenomonadales(909929);f__Selenomonadaceae(1843491);g__Selenomonas(970);s__Selenomonas_u_s(970);t__Selenomonas sp. FC4001(1408313);
Mammaliicoccus lentus F1142,Bacteria,Firmicutes,Bacilli,Bacillales,Staphylococcaceae,Mammaliicoccus,Mammaliicoccus lentus,Mammaliicoccus lentus F1142,0,0,0.00147,0.00172,0.00095,0,0,0,0,0,0,0,0,0,0,0,0,0,0,0,1179226,k__Bacteria(2);p__Firmicutes(1239);c__Bacilli(91061);o__Bacillales(1385);f__Staphylococcaceae(90964);g__Mammaliicoccus(2803850);s__Mammaliicoccus lentus(42858);t__Mammaliicoccus lentus F1142(1179226);
Staphylococcus nepalensis,Bacteria,Firmicutes,Bacilli,Bacillales,Staphylococcaceae,Staphylococcus,Staphylococcus nepalensis,Staphylococcus nepalensis,0,0,0.02893,0.03216,0.0205,0,0,0.00442,0.00872,0.00693,0,0,0,0,0,0,0,0,0,0,214473,k__Bacteria(2);p__Firmicutes(1239);c__Bacilli(91061);o__Bacillales(1385);f__Staphylococcaceae(90964);g__Staphylococcus(1279);s__Staphylococcus nepalensis(214473);t__Staphylococcus nepalensis(214473);
Staphylococcus xylosus,Bacteria,Firmicutes,Bacilli,Bacillales,Staphylococcaceae,Staphylococcus,Staphylococcus xylosus,Staphylococcus xylosus,0.00964,0.02016,0,0,0.00314,0.00126,0.00364,0.00438,0.0085,0,0,0,0,0,0.00041,0,0,0,0,0,1288,k__Bacteria(2);p__Firmicutes(1239);c__Bacilli(91061);o__Bacillales(1385);f__Staphylococcaceae(90964);g__Staphylococcus(1279);s__Staphylococcus xylosus(1288);t__Staphylococcus xylosus(1288);
Staphylococcus xylosus DMB3-Bh1,Bacteria,Firmicutes,Bacilli,Bacillales,Staphylococcaceae,Staphylococcus,Staphylococcus xylosus,Staphylococcus xylosus DMB3-Bh1,0,0,0.00225,0.00264,0,0,0,0,0,0,0,0,0,0,0,0,0,0,0,0,1353979,k__Bacteria(2);p__Firmicutes(1239);c__Bacilli(91061);o__Bacillales(1385);f__Staphylococcaceae(90964);g__Staphylococcus(1279);s__Staphylococcus xylosus(1288);t__Staphylococcus xylosus DMB3-Bh1(1353979);
Succiniclasticum ruminis DSM 9236,Bacteria,Firmicutes,Negativicutes,Acidaminococcales,Acidaminococcaceae,Succiniclasticum,Succiniclasticum ruminis,Succiniclasticum ruminis DSM 9236,0,0,0,0,0,0,0,0,0,0,0,0,0,0,0.00107,0,0.00152,0.00053,0,0,1123323,k__Bacteria(2);p__Firmicutes(1239);c__Negativicutes(909932);o__Acidaminococcales(1843488);f__Acidaminococcaceae(909930);g__Succiniclasticum(40840);s__Succiniclasticum ruminis(40841);t__Succiniclasticum ruminis DSM 9236(1123323);
Succinivibrio dextrinosolvens H5,Bacteria,Proteobacteria,Gammaproteobacteria,Aeromonadales,Succinivibrionaceae,Succinivibrio,Succinivibrio dextrinosolvens,Succinivibrio dextrinosolvens H5,0,0,0,0,0,0,0,0,0,0,0,0,0,0,0.00204,0,0,0,0,0,1410676,k__Bacteria(2);p__Proteobacteria(1224);c__Gammaproteobacteria(1236);o__Aeromonadales(135624);f__Succinivibrionaceae(83763);g__Succinivibrio(83770);s__Succinivibrio dextrinosolvens(83771);t__Succinivibrio dextrinosolvens H5(1410676);
Treponema_u_t,Bacteria,Spirochaetes,Spirochaetia,Spirochaetales,Spirochaetaceae,Treponema,Treponema_u_s,Treponema_u_t,0,0,0,0,0,0,0,0,0,0,0,0,0,0,0,0.00085,0,0,0,0,157,k__Bacteria(2);p__Spirochaetes(203691);c__Spirochaetia(203692);o__Spirochaetales(136);f__Spirochaetaceae(137);g__Treponema(157);s__Treponema_u_s(157);t__Treponema_u_t(157);