Name,Kingdom,Phylum,Class,Order,Family,Genus,Species,Strain,1136_FV-W4_CP04543,1137__FV-W4_CP04543,1138__FV-W4_CP04543,1139__FV-W4_CP04543,1140__FV-W4_CP04543,1141__FV-W4_CP04543,1142__FV-W4_CP04543,1143__FV-W4_CP04543,1144__FV-W4_CP04543,1145__FV-W4_CP04543,1146__FT-W4_CP04543,1147__FT-W4_CP04543,1148_FT-W4_CP04543,1149_FT-W4_CP04543,1150_FT-W4_CP04543,1151_FT-W4_CP04543,1152_FT-W4_CP04543,1153_FT-W4_CP04543,1154_FT-W4_CP04543,1155_FT-W4_CP04543
Acetatifactor muris,Bacteria,Firmicutes,Clostridia,Clostridiales,Lachnospiraceae,Acetatifactor,Acetatifactor muris,Acetatifactor muris,0.00767,0.00283,0.0039,0.00238,0.00156,0.00073,0.00151,0.00142,0.00286,0.00076,0.00168,0.0003,0.00119,0.00577,0.00124,0.00111,0.00064,0.00146,0.00286,0.00181
Acutalibacter sp. 1XD8-33,Bacteria,Firmicutes,Clostridia,Clostridiales,Ruminococcaceae,Acutalibacter,Acutalibacter_u_s,Acutalibacter sp. 1XD8-33,0.00834,0.00274,0.00713,0.00197,0.00205,0.0012,0.00882,0.00054,0.00279,0.00424,0.00471,0.00047,0.00254,0.01538,0.00297,0.00198,0.00119,0.00536,0.00813,0.0037
Adlercreutzia muris,Bacteria,Actinobacteria,Coriobacteriia,Eggerthellales,Eggerthellaceae,Adlercreutzia,Adlercreutzia muris,Adlercreutzia muris,0.02453,0.02529,0.03752,0.02479,0.02126,0.03388,0.03789,0.04761,0.02245,0.03006,0.03028,0.03287,0.02704,0.0417,0.02982,0.01683,0.03014,0.0432,0.02336,0.03225
Akkermansia muciniphila ATCC BAA-835,Bacteria,Verrucomicrobia,Verrucomicrobiae,Verrucomicrobiales,Akkermansiaceae,Akkermansia,Akkermansia muciniphila,Akkermansia muciniphila ATCC BAA-835,4E-05,9E-05,0.00025,0.00016,0,0,0,0,0,0,0.00016,0.00198,0.00197,0.00018,0.00201,0.01376,0.00162,0.00091,0.00177,0.00227
Akkermansia sp. BIOML-A52,Bacteria,Verrucomicrobia,Verrucomicrobiae,Verrucomicrobiales,Akkermansiaceae,Akkermansia,Akkermansia_u_s,Akkermansia sp. BIOML-A52,0,0,0,0,4E-05,0,0,0,0,0,0,0,0,0,0,0,0,0,2E-05,0
Akkermansia sp. BIOML-A66,Bacteria,Verrucomicrobia,Verrucomicrobiae,Verrucomicrobiales,Akkermansiaceae,Akkermansia,Akkermansia_u_s,Akkermansia sp. BIOML-A66,0,0,0,0,0,0,0,0,0,0,0,0,0,0,0,0.00021,0,0,0,0
Alistipes finegoldii DSM 17242,Bacteria,Bacteroidetes,Bacteroidia,Bacteroidales,Rikenellaceae,Alistipes,Alistipes finegoldii,Alistipes finegoldii DSM 17242,0.00578,0.00133,0.0003,0.00206,0.00662,0.00094,0.00038,0.00091,0.02089,0.00036,0.00511,0.00236,0.00594,0.00552,0.00722,0.00134,0.00234,0.00311,0.00382,0.00533
Alistipes onderdonkii WAL 8169 = DSM 19147,Bacteria,Bacteroidetes,Bacteroidia,Bacteroidales,Rikenellaceae,Alistipes,Alistipes onderdonkii,Alistipes onderdonkii WAL 8169 = DSM 19147,0,0,0,0,3E-05,0,0,0,0.0001,0,0,0,4E-05,4E-05,0,0,0,3E-05,0,0
Alistipes provencensis,Bacteria,Bacteroidetes,Bacteroidia,Bacteroidales,Rikenellaceae,Alistipes,Alistipes provencensis,Alistipes provencensis,0,0,0,0,0,0,0,0,0.00016,0,0,0,0,0,0,0,0,0,0,0
Alistipes putredinis DSM 17216,Bacteria,Bacteroidetes,Bacteroidia,Bacteroidales,Rikenellaceae,Alistipes,Alistipes putredinis,Alistipes putredinis DSM 17216,0,0,0,0,0,0,0,0,0.00014,0,0,0,0,0,0,0,0,0,0,0
Alistipes senegalensis JC50,Bacteria,Bacteroidetes,Bacteroidia,Bacteroidales,Rikenellaceae,Alistipes,Alistipes senegalensis,Alistipes senegalensis JC50,0,0,0,5E-05,7E-05,0,0,0,0.00024,0,0,0,6E-05,0.00011,7E-05,0,0,8E-05,5E-05,0
Alistipes shahii WAL 8301,Bacteria,Bacteroidetes,Bacteroidia,Bacteroidales,Rikenellaceae,Alistipes,Alistipes shahii,Alistipes shahii WAL 8301,0,0,0,0,0,0,0,0,0.00011,0,0,0,0,0,0,0,0,4E-05,0,0
Alistipes dispar,Bacteria,Bacteroidetes,Bacteroidia,Bacteroidales,Rikenellaceae,Alistipes,Alistipes dispar,Alistipes dispar,0,0,0,0,8E-05,0,0,0,0.00029,0,0,0,8E-05,6E-05,8E-05,0,0,6E-05,6E-05,0
Alistipes communis,Bacteria,Bacteroidetes,Bacteroidia,Bacteroidales,Rikenellaceae,Alistipes,Alistipes communis,Alistipes communis,0,0,0,0,6E-05,0,0,0,0.00032,0,0,0,7E-05,0,0,0,0,4E-05,5E-05,0
Alistipes sp. HGB5,Bacteria,Bacteroidetes,Bacteroidia,Bacteroidales,Rikenellaceae,Alistipes,Alistipes_u_s,Alistipes sp. HGB5,0.00621,0.00144,0.00043,0.00223,0.00736,0.001,0.00099,0.00098,0.02327,0.00101,0.00547,0.00258,0.00659,0.00616,0.00808,0.00153,0.00263,0.00338,0.00428,0.00569
Alterileibacterium massiliense,Bacteria,Firmicutes,Clostridia,Clostridiales,Clostridiales Family XIII. Incertae Sedis,Alterileibacterium,Alterileibacterium massiliense,Alterileibacterium massiliense,0,0,2E-05,0,0,0,0,0,0,0,0,0,0,0,0,0,0,0,0,0
Aminipila sp. JN-18,Bacteria,Firmicutes,Clostridia,Clostridiales,Clostridiales Family XIII. Incertae Sedis,Aminipila,Aminipila_u_s,Aminipila sp. JN-18,0,0,0,4E-05,0,0,0,0,0,0,0,0,0,8E-05,0,0,0,3E-05,4E-05,5E-05
Anaeromassilibacillus sp. An172,Bacteria,Firmicutes,Clostridia,Clostridiales,Ruminococcaceae,Anaeromassilibacillus,Anaeromassilibacillus_u_s,Anaeromassilibacillus sp. An172,9E-05,7E-05,0,7E-05,0,0,0,0,0,0,0,0,0,6E-05,0,0,0,0,4E-05,4E-05
Anaerotruncus sp. 1XD22-93,Bacteria,Firmicutes,Clostridia,Clostridiales,Ruminococcaceae,Anaerotruncus,Anaerotruncus_u_s,Anaerotruncus sp. 1XD22-93,0.02663,0.01245,0.00817,0.00365,0.00432,0.0045,0.00292,0.0032,0.00626,0.00819,0,0.00162,0,0,0,0.00331,0.00513,0.0011,0,0
Anaerotruncus sp. G3(2012),Bacteria,Firmicutes,Clostridia,Clostridiales,Ruminococcaceae,Anaerotruncus,Anaerotruncus_u_s,Anaerotruncus sp. G3(2012),0,0,0,0,0,0,0,0,0,0,0.00902,0,0.00163,0.00654,0.00111,0,0,0,0.00297,0.00161
Adlercreutzia equolifaciens subsp. celatus,Bacteria,Actinobacteria,Coriobacteriia,Eggerthellales,Eggerthellaceae,Adlercreutzia,Adlercreutzia equolifaciens,Adlercreutzia equolifaciens subsp. celatus,0.0003,0.00038,0.00045,0.00031,0.0004,0.00091,0.00093,0.00141,0.0005,0.00076,0.00092,0.00098,0.00055,0.00119,0.00068,0.00063,0.00058,0.00142,0.00049,0.00097
Bacteroides_u_t,Bacteria,Bacteroidetes,Bacteroidia,Bacteroidales,Bacteroidaceae,Bacteroides,Bacteroides_u_s,Bacteroides_u_t,0,0,0,0,2E-05,0,0,0,0.00018,0,0,0,0,0,0,0,0,0,0,0
Bacteroides acidifaciens JCM 10556,Bacteria,Bacteroidetes,Bacteroidia,Bacteroidales,Bacteroidaceae,Bacteroides,Bacteroides acidifaciens,Bacteroides acidifaciens JCM 10556,8E-05,6E-05,7E-05,6E-05,0.00021,5E-05,0,3E-05,0.00029,0,0.00011,0.00024,0.00024,0.00012,0.00018,0.00025,0.00027,9E-05,0.00015,0.00028
Bacteroides caecimuri,Bacteria,Bacteroidetes,Bacteroidia,Bacteroidales,Bacteroidaceae,Bacteroides,Bacteroides caecimuri,Bacteroides caecimuri,8E-05,0,6E-05,0,0,0,0,0,0,0,0,0.00015,0,0,0,0.00011,0.00023,0,0,0
Bacteroides caecimuris,Bacteria,Bacteroidetes,Bacteroidia,Bacteroidales,Bacteroidaceae,Bacteroides,Bacteroides caecimuris,Bacteroides caecimuris,0,0,0,0,0,6E-05,0,0,0,0,0,0,0,0,0,0,0,0,0,0
Phocaeicola dorei,Bacteria,Bacteroidetes,Bacteroidia,Bacteroidales,Bacteroidales_u_f,Phocaeicola,Phocaeicola dorei,Phocaeicola dorei,3E-05,0,0,3E-05,0,0,3E-05,0,0,2E-05,0,2E-05,4E-05,0,0,5E-05,0,0,2E-05,0
Bacteroides fragilis,Bacteria,Bacteroidetes,Bacteroidia,Bacteroidales,Bacteroidaceae,Bacteroides,Bacteroides fragilis,Bacteroides fragilis,0.00013,5E-05,0.00023,0.00014,6E-05,9E-05,8E-05,3E-05,8E-05,0.00015,0.00017,0.00013,7E-05,0.00017,0.00031,0.00018,0.00017,0.0001,8E-05,0.00019
Bacteroides ovatus ATCC 8483,Bacteria,Bacteroidetes,Bacteroidia,Bacteroidales,Bacteroidaceae,Bacteroides,Bacteroides ovatus,Bacteroides ovatus ATCC 8483,0,0.00017,0.00018,0.00015,0.00049,9E-05,0.0001,8E-05,0.00024,0.0001,0.00017,0,0,0.00014,0,0.00032,0.00021,0.00014,0.00021,0.00019
Bacteroides ovatus SD CMC 3f,Bacteria,Bacteroidetes,Bacteroidia,Bacteroidales,Bacteroidaceae,Bacteroides,Bacteroides ovatus,Bacteroides ovatus SD CMC 3f,0.00032,0,0,0,0,0,0,0,0,0,0,0.00018,0.00031,0,0.0003,0,0,0,0,0
Bacteroides sp. 3_1_23,Bacteria,Bacteroidetes,Bacteroidia,Bacteroidales,Bacteroidaceae,Bacteroides,Bacteroides_u_s,Bacteroides sp. 3_1_23,0,0.00011,0.00015,0.00026,0,0,0,0,0,0,0.0003,0.00028,0,0.00011,0,0.00027,0,0.00012,0.00017,0.00027
Bacteroides sp. AF32-8BH,Bacteria,Bacteroidetes,Bacteroidia,Bacteroidales,Bacteroidaceae,Bacteroides,Bacteroides_u_s,Bacteroides sp. AF32-8BH,0,0,0,0,0,0,0,0,0,0,0,0,0,0,0,0,0.00021,0,0,0
Bacteroides sp. AM30-16,Bacteria,Bacteroidetes,Bacteroidia,Bacteroidales,Bacteroidaceae,Bacteroides,Bacteroides_u_s,Bacteroides sp. AM30-16,0,0,0,0,0,0,0,0,0,0,0,0,0.00028,0,0,0,0,0,0,0
Bacteroides sp. NM69_E16B,Bacteria,Bacteroidetes,Bacteroidia,Bacteroidales,Bacteroidaceae,Bacteroides,Bacteroides_u_s,Bacteroides sp. NM69_E16B,9E-05,0,0,0,0.0001,6E-05,6E-05,0,0.00017,7E-05,0,0,0,0,0,0,0,0,0,0
Bacteroides sp. OF03-11BH,Bacteria,Bacteroidetes,Bacteroidia,Bacteroidales,Bacteroidaceae,Bacteroides,Bacteroides_u_s,Bacteroides sp. OF03-11BH,0,0,0,0,0,0,0,0,0,0,0,0,0,0,0.00037,0,0,0,0,0
Bacteroides uniformis dnLKV2,Bacteria,Bacteroidetes,Bacteroidia,Bacteroidales,Bacteroidaceae,Bacteroides,Bacteroides uniformis,Bacteroides uniformis dnLKV2,0.0182,0.00638,0.0042,0.00905,0.01552,0.01002,0.01275,0.00194,0.0204,0.0137,0.01614,0.01099,0.02367,0.01028,0.03513,0.0421,0.01376,0.00577,0.0187,0.02548
Bacteroides vulgatus dnLKV7,Bacteria,Bacteroidetes,Bacteroidia,Bacteroidales,Bacteroidales_u_f,Phocaeicola,Phocaeicola vulgatus,Bacteroides vulgatus dnLKV7,0,0,0,0,0,0,0,0,0,0,0,0,0,0,0,0,0,0,0,6E-05
Phocaeicola vulgatus,Bacteria,Bacteroidetes,Bacteroidia,Bacteroidales,Bacteroidales_u_f,Phocaeicola,Phocaeicola vulgatus,Phocaeicola vulgatus,0,0,2E-05,3E-05,3E-05,0,0,0,0.00027,4E-05,0,7E-05,6E-05,3E-05,8E-05,5E-05,0,8E-05,8E-05,0
Barnesiella sp. WM24,Bacteria,Bacteroidetes,Bacteroidia,Bacteroidales,Barnesiellaceae,Barnesiella,Barnesiella_u_s,Barnesiella sp. WM24,0.00016,0.0002,0.00022,0.00016,0.0002,0.00011,0.00013,8E-05,0.00029,0.00014,0.00026,0.00017,0.00024,0.00021,0.00025,0.00015,0.00019,0.00017,0.00017,0.00025
Bifidobacterium adolescentis,Bacteria,Actinobacteria,Actinomycetia,Bifidobacteriales,Bifidobacteriaceae,Bifidobacterium,Bifidobacterium adolescentis,Bifidobacterium adolescentis,0,0,0,2E-05,1E-05,0,0,0,0,0,0,0,0,0,0,0,0,0,0,0
Bifidobacterium castoris,Bacteria,Actinobacteria,Actinomycetia,Bifidobacteriales,Bifidobacteriaceae,Bifidobacterium,Bifidobacterium castoris,Bifidobacterium castoris,0,0,0,0,7E-05,5E-05,0,5E-05,0,5E-05,0,0,0,0,0,0,0,0,0,0
Bifidobacterium cuniculi,Bacteria,Actinobacteria,Actinomycetia,Bifidobacteriales,Bifidobacteriaceae,Bifidobacterium,Bifidobacterium cuniculi,Bifidobacterium cuniculi,0,0,0,0,0.00012,0.00012,8E-05,0.00011,0,0.00013,0,0,0,0,0,0,0,0,0,0
Bifidobacterium pseudolongum AGR2145,Bacteria,Actinobacteria,Actinomycetia,Bifidobacteriales,Bifidobacteriaceae,Bifidobacterium,Bifidobacterium pseudolongum,Bifidobacterium pseudolongum AGR2145,0,0,0,6E-05,0,0,0,0,0,0,0,0,6E-05,7E-05,0,0,0,0.00068,0.0001,0
Bifidobacterium pseudolongum PV8-2,Bacteria,Actinobacteria,Actinomycetia,Bifidobacteriales,Bifidobacteriaceae,Bifidobacterium,Bifidobacterium pseudolongum,Bifidobacterium pseudolongum PV8-2,0,0,3E-05,0,0.01316,0.01155,0.00774,0.01051,0.00927,0.01249,0.00019,0,0,0,4E-05,0.00129,0,0,0,4E-05
Bifidobacterium sp. GSD1FS,Bacteria,Actinobacteria,Actinomycetia,Bifidobacteriales,Bifidobacteriaceae,Bifidobacterium,Bifidobacterium_u_s,Bifidobacterium sp. GSD1FS,0,0,0,0,0.00011,0.00013,8E-05,0.0001,0,0.00012,0,0,0,0,0,0,0,0,0,0
Bilophila_u_t,Bacteria,Proteobacteria,Deltaproteobacteria,Desulfovibrionales,Desulfovibrionaceae,Bilophila,Bilophila_u_s,Bilophila_u_t,0,0,0,0,0,0,0,0,0.00015,0,0,0,0,0,0,0,0,0,0,0
Bittarella massiliensis,Bacteria,Firmicutes,Clostridia,Clostridiales,Ruminococcaceae,Bittarella,Bittarella massiliensis,Bittarella massiliensis,6E-05,5E-05,0,5E-05,4E-05,0,0,0,0,0,8E-05,0,8E-05,0,5E-05,4E-05,0,4E-05,0,5E-05
Blautia producta,Bacteria,Firmicutes,Clostridia,Clostridiales,Lachnospiraceae,Blautia,Blautia producta,Blautia producta,0,0,0,0,0,0,0,0,0,0,0,0,0,0,0,0,0,0,7E-05,0.00011
Blautia sp. YL58,Bacteria,Firmicutes,Clostridia,Clostridiales,Lachnospiraceae,Blautia,Blautia_u_s,Blautia sp. YL58,0.00012,9E-05,0.00024,0.00018,0,0,0.00026,5E-05,0,9E-05,5E-05,0,0,0.00053,9E-05,0,0,0.00017,0.00011,7E-05
Burkholderiales_u_t,Bacteria,Proteobacteria,Betaproteobacteria,Burkholderiales,Burkholderiales_u_f,Burkholderiales_u_g,Burkholderiales_u_s,Burkholderiales_u_t,0.01726,0,0,0,0.00541,0.00184,0,0,0.00402,0.01025,0.00057,0.00014,0.00012,2E-05,0,0.00037,0.00014,0,0.00646,0.00047
Candidatus Arthromitus_u_t,Bacteria,Firmicutes,Clostridia,Clostridiales,Clostridiaceae,Candidatus Arthromitus,Candidatus Arthromitus_u_s,Candidatus Arthromitus_u_t,0,0,0.00016,0,0,0,0,0,0,0,0,0,0,0,0,0,0,0,0,0
Candidatus Arthromitus sp. SFB-mouse-Japan,Bacteria,Firmicutes,Clostridia,Clostridiales,Clostridiaceae,Candidatus Arthromitus,Candidatus Arthromitus_u_s,Candidatus Arthromitus sp. SFB-mouse-Japan,0,0,0,0,0.00079,0,0,0.00043,0.00079,0,0,0,0.00049,0,0.0001,0,0,0,0.00048,0
Candidatus Arthromitus sp. SFB-mouse-NL,Bacteria,Firmicutes,Clostridia,Clostridiales,Clostridiaceae,Candidatus Arthromitus,Candidatus Arthromitus_u_s,Candidatus Arthromitus sp. SFB-mouse-NL,0,0.0001,0,0,0,0,0,0,0,0,0.00014,0,0,0,0,0,0,2E-05,0,6E-05
Clostridiales_u_t,Bacteria,Firmicutes,Clostridia,Clostridiales,Clostridiales_u_f,Clostridiales_u_g,Clostridiales_u_s,Clostridiales_u_t,0,0,0.0001,0,0,0,0,0,0,0,0,0,0,0,0,0,0,0,0,0
Lachnospiraceae_u_t,Bacteria,Firmicutes,Clostridia,Clostridiales,Lachnospiraceae,Lachnospiraceae_u_g,Lachnospiraceae_u_s,Lachnospiraceae_u_t,0,0,0,0,0,0,0,0,0,0,9E-05,0,0,0,0,0,0,0,0,0
Clostridiales bacterium CCNA10,Bacteria,Firmicutes,Clostridia,Clostridiales,Clostridiales_u_f,Clostridiales_u_g,Clostridiales_u_s,Clostridiales bacterium CCNA10,0.00015,0,0,0,0,0,0,0,0,0,0,0,0,0,0,0,0,0,5E-05,0
Clostridium_u_t,Bacteria,Firmicutes,Clostridia,Clostridiales,Clostridiaceae,Clostridium,Clostridium_u_s,Clostridium_u_t,0,0,0,0,0,0,0,0,0,0,0,0,4E-05,0.00011,2E-05,0,0,0,0,0
Clostridium celatum DSM 1785,Bacteria,Firmicutes,Clostridia,Clostridiales,Clostridiaceae,Clostridium,Clostridium celatum,Clostridium celatum DSM 1785,0,0,0,0,0,0,0,0,0,0,0,2E-05,0,0,0,0,3E-05,0,0,0
[Clostridium] cocleatum,Bacteria,Firmicutes,Erysipelotrichia,Erysipelotrichales,Erysipelotrichaceae,Erysipelatoclostridium,[Clostridium] cocleatum,[Clostridium] cocleatum,0,0.00016,0.00058,0.00143,0.00018,0.0003,0.0003,0.00019,8E-05,0.00034,0.00094,0.00017,0.00065,0.00041,0.00065,0.00071,0.00023,0.0013,0.00015,0.00056
Clostridium cuniculi,Bacteria,Firmicutes,Clostridia,Clostridiales,Clostridiaceae,Clostridium,Clostridium cuniculi,Clostridium cuniculi,0,0,0,0,0,0,0,0,0,0,0.00014,0.00026,0,0,0,3E-05,0.00027,2E-05,6E-05,8E-05
[Clostridium] methylpentosum DSM 5476,Bacteria,Firmicutes,Clostridia,Clostridiales,Ruminococcaceae,Ruminococcaceae_u_g,Ruminococcaceae_u_s,[Clostridium] methylpentosum DSM 5476,0.0001,0,7E-05,0,0,0,0,0,0,0,0,0,0,6E-05,0,0,0,0,5E-05,0
Flavonifractor plautii 1_3_50AFAA,Bacteria,Firmicutes,Clostridia,Clostridiales,Ruminococcaceae,Flavonifractor,Flavonifractor plautii,Flavonifractor plautii 1_3_50AFAA,4E-05,0,0,0,0,0,0,0,0,0,0,0,0,0,0,0,0,0,0,0
Clostridium sp. MD294,Bacteria,Firmicutes,Clostridia,Clostridiales,Clostridiaceae,Clostridium,Clostridium_u_s,Clostridium sp. MD294,0.00032,0.00012,0.00032,7E-05,0.00012,3E-05,0.0001,6E-05,0.00021,3E-05,0.00019,5E-05,5E-05,0.00033,0,3E-05,0.0001,4E-05,0.00025,0.00015
Schaedlerella arabinosiphila,Bacteria,Firmicutes,Clostridia,Clostridiales,Lachnospiraceae,Schaedlerella,Schaedlerella arabinosiphila,Schaedlerella arabinosiphila,0.00846,0.00525,0.00989,0.00608,0.00158,0.00121,0.01373,0.00461,0.00225,0.0023,0.0022,0.00107,0.00317,0.03716,0.00577,0.00065,0.00176,0.00538,0.00308,0.00378
Clostridium saudiense,Bacteria,Firmicutes,Clostridia,Clostridiales,Clostridiaceae,Clostridium,Clostridium saudiense,Clostridium saudiense,0,0,0,0,0,0,0,0,0,0,0,5E-05,0,0,0,0,6E-05,0,0,0
Clostridium porci,Bacteria,Firmicutes,Clostridia,Clostridiales,Clostridiaceae,Clostridium,Clostridium porci,Clostridium porci,0.00085,0.00033,0.00026,0.00024,0.00021,4E-05,7E-05,9E-05,0.00029,5E-05,0.00037,8E-05,0.0002,0.00039,0.00018,0.00013,0.00015,0.00013,0.00033,0.00036
Coprococcus sp. AM27-12LB,Bacteria,Firmicutes,Clostridia,Clostridiales,Lachnospiraceae,Coprococcus,Coprococcus_u_s,Coprococcus sp. AM27-12LB,5E-05,0,0.00029,0,0,0,0,0,7E-05,0,0,0,0,3E-05,0,0,1E-05,4E-05,1E-05,3E-05
Dorea sp. 5-2,Bacteria,Firmicutes,Clostridia,Clostridiales,Lachnospiraceae,Dorea,Dorea_u_s,Dorea sp. 5-2,0.00574,0.00262,0.00586,0.00303,0.00235,0.00144,0.0044,0.00277,0.00245,0.00166,0.00245,0.00098,0.00142,0.01166,0.00198,0.00097,0.00178,0.00557,0.00424,0.00268
Duncaniella muris,Bacteria,Bacteroidetes,Bacteroidia,Bacteroidales,Muribaculaceae,Duncaniella,Duncaniella muris,Duncaniella muris,0.00131,0.00095,0.00094,0.00076,0.00093,0.00051,0.00066,0.00032,0.00165,0.00075,0.00141,0.00112,0.00123,0.00118,0.00129,0.00077,0.00116,0.0008,0.00106,0.00128
Duncaniella sp. B8,Bacteria,Bacteroidetes,Bacteroidia,Bacteroidales,Muribaculaceae,Duncaniella,Duncaniella_u_s,Duncaniella sp. B8,0.00203,0.00213,0.00295,0.00229,0.0019,0.00135,0.00099,0.00087,0.00273,0.00105,0.00288,0.00232,0.00264,0.00251,0.00292,0.00236,0.00217,0.00223,0.00192,0.00294
Duncaniella freteri,Bacteria,Bacteroidetes,Bacteroidia,Bacteroidales,Muribaculaceae,Duncaniella,Duncaniella freteri,Duncaniella freteri,0.08501,0.06326,0.07115,0.07918,0.12837,0.06384,0.05517,0.02606,0.20264,0.07705,0.13222,0.06315,0.11787,0.1133,0.13792,0.08202,0.06296,0.09181,0.06231,0.12078
Dysosmobacter welbionis,Bacteria,Firmicutes,Clostridia,Clostridiales,Oscillospiraceae,Dysosmobacter,Dysosmobacter welbionis,Dysosmobacter welbionis,0.00017,4E-05,0,0,3E-05,0,0,0,0.00013,0,3E-05,0,0,0,0,3E-05,0,0,6E-05,0
Enterococcus_u_t,Bacteria,Firmicutes,Bacilli,Lactobacillales,Enterococcaceae,Enterococcus,Enterococcus_u_s,Enterococcus_u_t,0,0,0,0.00017,0.00029,0,0.00055,1E-05,0,0,0.0003,0,0.00275,0.00333,0.00059,0,0,0.00194,0.00087,0.00247
Enterococcus faecalis,Bacteria,Firmicutes,Bacilli,Lactobacillales,Enterococcaceae,Enterococcus,Enterococcus faecalis,Enterococcus faecalis,0.00071,5E-05,0.00026,0.00017,0.0001,4E-05,0.00014,9E-05,0.00033,2E-05,0.0002,9E-05,7E-05,0.00058,9E-05,5E-05,5E-05,0.00016,0.00023,0.00013
Enterococcus faecium NEF1,Bacteria,Firmicutes,Bacilli,Lactobacillales,Enterococcaceae,Enterococcus,Enterococcus faecium,Enterococcus faecium NEF1,0,0,0,0.00011,0,0,0,0,7E-05,0,0,0,0,0.00015,0,6E-05,0,0,0,0
Enterococcus gallinarum,Bacteria,Firmicutes,Bacilli,Lactobacillales,Enterococcaceae,Enterococcus,Enterococcus gallinarum,Enterococcus gallinarum,0,0,0,0,0,0,0,0,0,0,0,0,0,0,0,0,1E-05,0,0,0
Enterococcus gallinarum EG2,Bacteria,Firmicutes,Bacilli,Lactobacillales,Enterococcaceae,Enterococcus,Enterococcus gallinarum,Enterococcus gallinarum EG2,0,0,0,0,5E-05,0,0,3E-05,0,0,0,0,0,0,0,0,0,0,0,0
Enterococcus saccharolyticus 30_1,Bacteria,Firmicutes,Bacilli,Lactobacillales,Enterococcaceae,Enterococcus,Enterococcus saccharolyticus,Enterococcus saccharolyticus 30_1,0,0,0,0,0,0,0,1E-05,0,4E-05,0,0,0,0,0,0,0,0,0,0
Enterococcus sp. ARL09-542,Bacteria,Firmicutes,Bacilli,Lactobacillales,Enterococcaceae,Enterococcus,Enterococcus_u_s,Enterococcus sp. ARL09-542,0,0,0,0,0,0,0,6E-05,0,0,0,0,0,0,0,0,0,0,0,0
Enterococcus sp. M190262,Bacteria,Firmicutes,Bacilli,Lactobacillales,Enterococcaceae,Enterococcus,Enterococcus_u_s,Enterococcus sp. M190262,0,0,5E-05,0,0,0,0,0,0,0,4E-05,0,0,0,0,0,0,0,0,0
Enterorhabdus caecimuris B7,Bacteria,Actinobacteria,Coriobacteriia,Eggerthellales,Eggerthellaceae,Adlercreutzia,Adlercreutzia caecimuris,Enterorhabdus caecimuris B7,0.01504,0.01478,0.03173,0.01999,0.00726,0.0109,0.01658,0.01623,0.00812,0.01204,0.00937,0.0097,0.01895,0.0288,0.02097,0.01251,0.00861,0.02906,0.00715,0.01011
Enterorhabdus mucosicola DSM 19490,Bacteria,Actinobacteria,Coriobacteriia,Eggerthellales,Eggerthellaceae,Adlercreutzia,Adlercreutzia mucosicola,Enterorhabdus mucosicola DSM 19490,0.00064,0.00435,0.00707,0.00447,0.00388,0.00562,0.00659,0.00765,0.00081,0.00497,0.00504,0.00492,0.00523,0.00751,0.00549,0.00334,0.00471,0.00718,0.00375,0.00521
Enterorhabdus sp. NM05_H27,Bacteria,Actinobacteria,Coriobacteriia,Eggerthellales,Eggerthellaceae,Enterorhabdus,Enterorhabdus_u_s,Enterorhabdus sp. NM05_H27,0.02542,0.02611,0.03944,0.02588,0.02246,0.03489,0.03911,0.04987,0.02316,0.03105,0.03143,0.03346,0.02841,0.04368,0.03065,0.01735,0.03135,0.04447,0.0239,0.03351
Escherichia coli,Bacteria,Proteobacteria,Gammaproteobacteria,Enterobacterales,Enterobacteriaceae,Escherichia,Escherichia coli,Escherichia coli,0,0,0,0,0,0,1E-05,0,0,0,7E-05,0,0,0,0,0,0,0,0,0
Escherichia coli SWW33,Bacteria,Proteobacteria,Gammaproteobacteria,Enterobacterales,Enterobacteriaceae,Escherichia,Escherichia coli,Escherichia coli SWW33,0,0,0,0,0,0,0,0,0,0,0,0,0,0,0.00014,0,0,0,0.00037,0
Eubacterium plexicaudatum ASF492,Bacteria,Firmicutes,Clostridia,Clostridiales,Eubacteriaceae,Eubacterium,Eubacterium plexicaudatum,Eubacterium plexicaudatum ASF492,0.00373,0.00131,0.00274,0.00093,0.00097,0.00025,0.00114,0.00049,0.00132,0.00045,0.00145,0.00022,0.00034,0.00197,0.0003,0.00039,0.00044,0.00087,0.0021,0.00124
Eubacterium sp. 14-2,Bacteria,Firmicutes,Clostridia,Clostridiales,Eubacteriaceae,Eubacterium,Eubacterium_u_s,Eubacterium sp. 14-2,0.00528,0.00293,0.00352,0.00176,0.00122,0.00096,0.00147,0.00103,0.00181,0.0003,0.00114,0.00017,0.00016,0.0023,0.00021,0.00033,0.00027,0.00093,0.0026,0.00112
Evtepia gabavorous,Bacteria,Firmicutes,Clostridia,Clostridiales,Clostridiales_u_f,Evtepia,Evtepia gabavorous,Evtepia gabavorous,6E-05,0,0,4E-05,0,0,0,0,0,0,0,0,0,6E-05,0,0,0,0,0,0
Extibacter muris,Bacteria,Firmicutes,Clostridia,Clostridiales,Lachnospiraceae,Extibacter,Extibacter muris,Extibacter muris,0,0,0,0,0,0,0,0,0,0,0,0,0,0,0,0,0,0,0,6E-05
Faecalibaculum rodentium,Bacteria,Firmicutes,Erysipelotrichia,Erysipelotrichales,Erysipelotrichaceae,Faecalibaculum,Faecalibaculum rodentium,Faecalibaculum rodentium,0.05296,0.06611,0.02416,0.01616,0.11727,0.15056,0.17411,0.15106,0.07082,0.19609,0.06619,0.07838,0.0116,0.01481,0.01131,0.03308,0.07075,0.03177,0.03785,0.04923
Firmicutes bacterium ASF500,Bacteria,Firmicutes,Firmicutes_u_c,Firmicutes_u_o,Firmicutes_u_f,Firmicutes_u_g,Firmicutes_u_s,Firmicutes bacterium ASF500,0.01106,0.00288,0.00247,0.00162,0.00264,0.00016,0.00075,0.0005,0.00649,0.00143,0.00338,0.00043,0.00179,0.00415,0.00144,0.00143,0.00131,0.0015,0.00592,0.00303
Flavonifractor sp. An10,Bacteria,Firmicutes,Clostridia,Clostridiales,Ruminococcaceae,Flavonifractor,Flavonifractor_u_s,Flavonifractor sp. An10,0,4E-05,0,0,0,0,0,0,0,0,0,0,0,0,0,0,0,0,0,0
Flavonifractor sp. An100,Bacteria,Firmicutes,Clostridia,Clostridiales,Ruminococcaceae,Flavonifractor,Flavonifractor_u_s,Flavonifractor sp. An100,0.00017,0,0,0,0,0,0,0,0,0,0,0,0,0,0,0,0,0,0,0
Flavonifractor sp. An306,Bacteria,Firmicutes,Clostridia,Clostridiales,Ruminococcaceae,Flavonifractor,Flavonifractor_u_s,Flavonifractor sp. An306,0,0,0,0,0,0,0,0,0,0,0,0,0,0,0,0,0,0,5E-05,0
Hungatella effluvii,Bacteria,Firmicutes,Clostridia,Clostridiales,Clostridiaceae,Hungatella,Hungatella effluvii,Hungatella effluvii,0,0,0,0,0,0,0,0,0,0,0,0,0,0.00011,0,0,0,0,0,0
Intestinimonas butyriciproducens,Bacteria,Firmicutes,Clostridia,Clostridiales,Clostridiales_u_f,Intestinimonas,Intestinimonas butyriciproducens,Intestinimonas butyriciproducens,9E-05,0,0,0,0,0,0,0,0,0,6E-05,0,0,0,0,0,0,0,5E-05,0
Intestinimonas massiliensis,Bacteria,Firmicutes,Clostridia,Clostridiales,Clostridiales_u_f,Intestinimonas,Intestinimonas massiliensis,Intestinimonas massiliensis,9E-05,0,0,0,0,0,0,0,0,0,0,0,0,0,0,0,0,0,0,0
Intestinimonas timonensis,Bacteria,Firmicutes,Clostridia,Clostridiales,Clostridiales_u_f,Intestinimonas,Intestinimonas timonensis,Intestinimonas timonensis,8E-05,0,0,0,0,0,0,0,0,0,0,0,0,0,0,5E-05,0,0,0,0
Lachnoclostridium sp. YL32,Bacteria,Firmicutes,Clostridia,Clostridiales,Lachnospiraceae,Lachnoclostridium,Lachnoclostridium_u_s,Lachnoclostridium sp. YL32,0.00047,0.00019,0.00024,0.00014,0.00017,5E-05,0.00012,0.00011,0.00021,8E-05,0.00022,7E-05,7E-05,0.00034,8E-05,5E-05,0.00011,0.00013,0.0003,0.00018
Lachnospiraceae bacterium 10-1,Bacteria,Firmicutes,Clostridia,Clostridiales,Lachnospiraceae,Lachnospiraceae_u_g,Lachnospiraceae_u_s,Lachnospiraceae bacterium 10-1,0.06838,0.03083,0.00459,0.03331,0.0134,0.007,0.00166,0.0033,0.03632,0.00117,0.04274,0.00763,0.02888,0.05843,0.02349,0.00197,0.01315,0.04139,0.04088,0.03195
Lachnospiraceae bacterium 28-4,Bacteria,Firmicutes,Clostridia,Clostridiales,Lachnospiraceae,Lachnospiraceae_u_g,Lachnospiraceae_u_s,Lachnospiraceae bacterium 28-4,0.06504,0.03096,0.02576,0.01993,0.00202,0.00032,0.00372,0.00096,0.0043,0.00674,0.00152,0.00027,0.00091,0.0032,0.00057,0.01137,0.00087,0.00116,0.05116,0.00169
Lachnospiraceae bacterium 3-1,Bacteria,Firmicutes,Clostridia,Clostridiales,Lachnospiraceae,Lachnospiraceae_u_g,Lachnospiraceae_u_s,Lachnospiraceae bacterium 3-1,0.00958,0.00389,0.0056,0.0023,0.00197,0.00074,0.00416,0.00161,0.00404,0.00177,0.00235,0.00033,0.0006,0.00492,0.00057,0.00136,0.00095,0.00211,0.00465,0.00226
Lachnospiraceae bacterium MD308,Bacteria,Firmicutes,Clostridia,Clostridiales,Lachnospiraceae,Lachnospiraceae_u_g,Lachnospiraceae_u_s,Lachnospiraceae bacterium MD308,0.00238,0.00163,0.0291,0.02131,0.00308,0.00278,0.01794,0.01597,0.00873,0.00711,0.00092,0.00013,0.00049,0.0057,0.0006,0.00032,0.00027,0.00121,0.00244,0.00103
Lachnospiraceae bacterium A2,Bacteria,Firmicutes,Clostridia,Clostridiales,Lachnospiraceae,Lachnospiraceae_u_g,Lachnospiraceae_u_s,Lachnospiraceae bacterium A2,0.00882,0.00345,0.00689,0.00474,0.00246,0.00104,0.06982,0.00253,0.00441,0.01438,0.00264,0.00067,0.00179,0.00936,0.00134,0.00174,0.00137,0.00323,0.00438,0.00334
Lachnospiraceae bacterium A4,Bacteria,Firmicutes,Clostridia,Clostridiales,Lachnospiraceae,Lachnospiraceae_u_g,Lachnospiraceae_u_s,Lachnospiraceae bacterium A4,0.07503,0.0264,0.01109,0.00368,0.00762,0.00077,0.0024,0.0011,0.01489,0.00247,0.01099,0.00071,0.00316,0.0143,0.0016,0.00443,0.00152,0.00474,0.02705,0.005
Lachnospiraceae bacterium AM25-17,Bacteria,Firmicutes,Clostridia,Clostridiales,Lachnospiraceae,Lachnospiraceae_u_g,Lachnospiraceae_u_s,Lachnospiraceae bacterium AM25-17,0,0,0.00019,9E-05,0,0,0,0,0,0,0,0,0,0.00018,0,0,0,7E-05,0.0001,0
Lachnospiraceae bacterium MD335,Bacteria,Firmicutes,Clostridia,Clostridiales,Lachnospiraceae,Lachnospiraceae_u_g,Lachnospiraceae_u_s,Lachnospiraceae bacterium MD335,0.00567,0.00233,0.00674,0.00208,0.00407,0.00075,0.00122,0.00111,0.00467,0.00099,0.00366,0.00149,0.0023,0.00475,0.00167,0.00048,0.00373,0.00174,0.00886,0.00411
Lachnospiraceae bacterium M18-1,Bacteria,Firmicutes,Clostridia,Clostridiales,Lachnospiraceae,Lachnospiraceae_u_g,Lachnospiraceae_u_s,Lachnospiraceae bacterium M18-1,0.00194,0.00118,0.00236,0.00138,0.00034,0.00038,0.00247,0.00154,0.00042,0.00026,0.00053,0.00016,0.00036,0.00664,0.00052,0.00017,0.00027,0.00105,0.00104,0.0013
Lachnospiraceae bacterium TM07-2AC,Bacteria,Firmicutes,Clostridia,Clostridiales,Lachnospiraceae,Lachnospiraceae_u_g,Lachnospiraceae_u_s,Lachnospiraceae bacterium TM07-2AC,0,2E-05,0,0,0,0,0,0,0,0,0,0,0,3E-05,0,0,0,0,3E-05,0
Lactobacillaceae bacterium,Bacteria,Firmicutes,Bacilli,Lactobacillales,Lactobacillales_u_f,Lactobacillales_u_g,Lactobacillales_u_s,Lactobacillaceae bacterium,0.00033,0.01018,0.01873,0.04513,0,0,0,0,0,0,0.01546,0.04845,0.02757,0.00453,0.0231,0.04199,0.05029,0.01364,0.05707,0.04056
Ligilactobacillus animalis,Bacteria,Firmicutes,Bacilli,Lactobacillales,Lactobacillaceae,Ligilactobacillus,Ligilactobacillus animalis,Ligilactobacillus animalis,0.00021,0.00039,0.00028,0.00051,0.00027,0.00036,0.0001,0.00027,0.00016,0.0002,0.0005,0.00072,0.00056,0.00048,0.00046,0.00072,0.00064,0.00125,0.00015,0.0004
Lactobacillus gasseri,Bacteria,Firmicutes,Bacilli,Lactobacillales,Lactobacillaceae,Lactobacillus,Lactobacillus gasseri,Lactobacillus gasseri,0,0,7E-05,0,0,0.0001,4E-05,0.00012,0,6E-05,0,0,0,0,0,6E-05,0,0,0,3E-05
Lactobacillus intestinalis DSM 6629,Bacteria,Firmicutes,Bacilli,Lactobacillales,Lactobacillaceae,Lactobacillus,Lactobacillus intestinalis,Lactobacillus intestinalis DSM 6629,0,0,5E-05,0.00015,0,0,0,0,0,0,9E-05,0.00013,8E-05,0,8E-05,9E-05,0.0001,3E-05,0.00013,8E-05
Lactobacillus johnsonii N6.2,Bacteria,Firmicutes,Bacilli,Lactobacillales,Lactobacillaceae,Lactobacillus,Lactobacillus johnsonii,Lactobacillus johnsonii N6.2,0.04395,0.15694,0.22566,0.15719,0.17083,0.28379,0.22879,0.31576,0.03665,0.23382,0.05285,0.08068,0.13993,0.05779,0.10476,0.16865,0.07838,0.11591,0.12387,0.10333
Lactobacillus murinus ASF361,Bacteria,Firmicutes,Bacilli,Lactobacillales,Lactobacillaceae,Ligilactobacillus,Ligilactobacillus murinus,Lactobacillus murinus ASF361,0.06309,0.1106,0.07955,0.12683,0.09178,0.10527,0.05235,0.09477,0.08378,0.05858,0.13667,0.17763,0.13877,0.14116,0.10915,0.19072,0.16396,0.31764,0.05011,0.09873
Limosilactobacillus reuteri subsp. murium,Bacteria,Firmicutes,Bacilli,Lactobacillales,Lactobacillaceae,Limosilactobacillus,Limosilactobacillus reuteri,Limosilactobacillus reuteri subsp. murium,0.04454,0.11506,0.12281,0.10437,0.10533,0.13244,0.09554,0.13182,0.01286,0.09216,0.03468,0.06565,0.06242,0.01204,0.04647,0.0758,0.07263,0.03781,0.08341,0.06616
Lactobacillus sp. ASF360,Bacteria,Firmicutes,Bacilli,Lactobacillales,Lactobacillaceae,Lactobacillus,Lactobacillus_u_s,Lactobacillus sp. ASF360,0.0019,0.01163,0.02162,0.05552,0,0,0,0,0,0,0.01813,0.06144,0.03274,0.00549,0.02759,0.05237,0.06358,0.01593,0.0725,0.04945
Lactobacillus sp. UMNPBX19,Bacteria,Firmicutes,Bacilli,Lactobacillales,Lactobacillaceae,Lactobacillus,Lactobacillus_u_s,Lactobacillus sp. UMNPBX19,0,0,0,0,0.00227,0.03764,0.00283,0.04157,0.00011,0.00281,0,0,0,0,0,0,0,0,0,0
Lactobacillus taiwanensis DSM 21401,Bacteria,Firmicutes,Bacilli,Lactobacillales,Lactobacillaceae,Lactobacillus,Lactobacillus taiwanensis,Lactobacillus taiwanensis DSM 21401,0,0.00012,0.00027,0.00016,0.00017,0.0003,0.00025,0.0003,0,0.00019,0,0.0001,0.00016,0,7E-05,0.00024,0.0001,9E-05,0.00021,0.00014
Lactococcus lactis subsp. lactis,Bacteria,Firmicutes,Bacilli,Lactobacillales,Streptococcaceae,Lactococcus,Lactococcus lactis,Lactococcus lactis subsp. lactis,0,0,0,0,2E-05,0,0,0,0,0,0,0,0,0,0,0,0,0,0,0
Lactonifactor longoviformis DSM 17459,Bacteria,Firmicutes,Clostridia,Clostridiales,Clostridiaceae,Lactonifactor,Lactonifactor longoviformis,Lactonifactor longoviformis DSM 17459,8E-05,0,0,0,0,0,0,0,0,0,0,0,0,0,0,0,0,0,0,0
Lawsonibacter asaccharolyticus,Bacteria,Firmicutes,Clostridia,Clostridiales,Clostridiales_u_f,Lawsonibacter,Lawsonibacter asaccharolyticus,Lawsonibacter asaccharolyticus,0.00066,0.0001,0,0.00012,6E-05,0,0,0,0.0003,5E-05,9E-05,0,0,0,0,0.0001,0,4E-05,0.00016,0.00016
Massilistercora timonensis,Bacteria,Firmicutes,Clostridia,Clostridiales,Clostridiales_u_f,Massilistercora,Massilistercora timonensis,Massilistercora timonensis,0,0,0,0,5E-05,3E-05,0,3E-05,0,0,0,0,0,0.0001,0,4E-05,0,0,0,0
Mucispirillum schaedleri ASF457,Bacteria,Deferribacteres,Deferribacteres,Deferribacterales,Deferribacteraceae,Mucispirillum,Mucispirillum schaedleri,Mucispirillum schaedleri ASF457,0.00289,0.02226,0.00542,0.0039,0.00018,0.00028,0.00045,0.00103,0.00126,0.0003,0.00301,0.00153,0.00014,0.03556,0.00026,0.00053,0.00499,0.00135,0.00546,0.003
Heminiphilus faecis,Bacteria,Bacteroidetes,Bacteroidia,Bacteroidales,Muribaculaceae,Heminiphilus,Heminiphilus faecis,Heminiphilus faecis,0.00027,0.00027,0.00018,0.00019,0.00022,0.0001,0.00012,7E-05,0.00034,0.00016,0.00033,0.00031,0.00028,0.00028,0.00034,0.00022,0.00031,0.00015,0.00022,0.00029
Muribaculaceae bacterium Isolate-001 (NCI),Bacteria,Bacteroidetes,Bacteroidia,Bacteroidales,Muribaculaceae,Muribaculaceae_u_g,Muribaculaceae_u_s,Muribaculaceae bacterium Isolate-001 (NCI),0,0,0.00096,0,0,0,0,0,0,0,0,0,0,0,0,0.00098,0,0,0,0
Muribaculaceae bacterium Isolate-004 (NCI),Bacteria,Bacteroidetes,Bacteroidia,Bacteroidales,Muribaculaceae,Muribaculaceae_u_g,Muribaculaceae_u_s,Muribaculaceae bacterium Isolate-004 (NCI),0.00076,0.00083,0.00092,0.00072,0.001,0.0006,0.00064,0.00033,0.00137,0.00063,0.00106,0.00078,0.00125,0.00094,0.00123,0.00083,0.00096,0.00071,0.00083,0.0012
Muribaculaceae bacterium Isolate-013 (NCI),Bacteria,Bacteroidetes,Bacteroidia,Bacteroidales,Muribaculaceae,Muribaculaceae_u_g,Muribaculaceae_u_s,Muribaculaceae bacterium Isolate-013 (NCI),0.00084,0.0009,0.00092,0.00087,0.00085,0.00053,0.00054,0.00034,0.00124,0.00058,0.00121,0.00074,0.00098,0.00089,0.00105,0.00068,0.00073,0.00137,0.00072,0.00195
Muribaculaceae bacterium Isolate-036 (Harlan),Bacteria,Bacteroidetes,Bacteroidia,Bacteroidales,Muribaculaceae,Muribaculaceae_u_g,Muribaculaceae_u_s,Muribaculaceae bacterium Isolate-036 (Harlan),0.00076,0.00076,0.00064,0.00075,0.00103,0.0004,0.00048,0.00015,0.00092,0.00039,0.00115,0.00101,0.0013,0.00083,0.00178,0.00097,0.00136,0.00045,0.00098,0.00115
Muribaculaceae bacterium Isolate-037 (Harlan),Bacteria,Bacteroidetes,Bacteroidia,Bacteroidales,Muribaculaceae,Muribaculaceae_u_g,Muribaculaceae_u_s,Muribaculaceae bacterium Isolate-037 (Harlan),0.00017,0.00014,0.00013,0.00012,0.00015,7E-05,7E-05,0,0.00019,8E-05,0.00022,0.00017,0.00021,0.00015,0.00024,0.00014,0.00018,0.0001,0.00015,0.00019
Muribaculaceae bacterium Isolate-039 (Harlan),Bacteria,Bacteroidetes,Bacteroidia,Bacteroidales,Muribaculaceae,Muribaculaceae_u_g,Muribaculaceae_u_s,Muribaculaceae bacterium Isolate-039 (Harlan),0.00102,0.00018,0.00111,0.00013,0.00022,0.00059,0.00147,0.00075,0.00224,0.00085,0.00183,0.00016,0.00012,0.00021,0.00013,0.00015,0.00019,0.00012,0.00129,0.00029
Muribaculaceae bacterium Isolate-043 (Harlan),Bacteria,Bacteroidetes,Bacteroidia,Bacteroidales,Muribaculaceae,Muribaculaceae_u_g,Muribaculaceae_u_s,Muribaculaceae bacterium Isolate-043 (Harlan),0.00083,0.00085,0.00049,0.00203,0.00198,0.00102,0.00038,0.00057,0.00102,0.00043,0.00109,0.00104,0.00284,0.00069,0.00124,0.00279,0.00107,0.00039,0.00081,0.00257
Muribaculaceae bacterium Isolate-077 (Janvier),Bacteria,Bacteroidetes,Bacteroidia,Bacteroidales,Muribaculaceae,Muribaculaceae_u_g,Muribaculaceae_u_s,Muribaculaceae bacterium Isolate-077 (Janvier),0.00177,0.00151,0.00181,9E-05,9E-05,0,0,0,0.00221,4E-05,0.00015,0,0,0,0,3E-05,8E-05,4E-05,0.00146,0
Muribaculaceae bacterium Isolate-080 (Janvier),Bacteria,Bacteroidetes,Bacteroidia,Bacteroidales,Muribaculaceae,Muribaculaceae_u_g,Muribaculaceae_u_s,Muribaculaceae bacterium Isolate-080 (Janvier),0.00024,0.00032,0.0003,0.00029,0.0002,0.0001,0.00012,7E-05,0.00027,0.00016,0.00051,0.00035,0.00031,0.00021,0.00033,0.00021,0.00033,0.00019,0.00033,0.00043
Muribaculaceae bacterium Isolate-083 (Janvier),Bacteria,Bacteroidetes,Bacteroidia,Bacteroidales,Muribaculaceae,Muribaculaceae_u_g,Muribaculaceae_u_s,Muribaculaceae bacterium Isolate-083 (Janvier),0,0.00146,0,0.00143,0.00072,0.00067,0.00097,0.00068,0.00093,0.00099,0.00199,0.00159,0.00142,0.00109,0,0.00122,0,0.00098,0.00099,0.00163
Muribaculaceae bacterium Isolate-102 (HZI),Bacteria,Bacteroidetes,Bacteroidia,Bacteroidales,Muribaculaceae,Muribaculaceae_u_g,Muribaculaceae_u_s,Muribaculaceae bacterium Isolate-102 (HZI),0.11579,0.10202,0.0652,0.08532,0.08971,0.03645,0.05806,0.02109,0.14475,0.06644,0.15575,0.1373,0.1223,0.12258,0.153,0.08502,0.13319,0.05517,0.0952,0.12054
Muribaculaceae bacterium Isolate-104 (HZI),Bacteria,Bacteroidetes,Bacteroidia,Bacteroidales,Muribaculaceae,Muribaculaceae_u_g,Muribaculaceae_u_s,Muribaculaceae bacterium Isolate-104 (HZI),0.00109,0.00125,0.001,0.00105,0.00131,0.00066,0.00072,0.00041,0.00172,0.00091,0.00175,0.00131,0.0015,0.00133,0.00163,0.00097,0.00125,0.00101,0.00116,0.0015
Muribaculaceae bacterium Isolate-105 (HZI),Bacteria,Bacteroidetes,Bacteroidia,Bacteroidales,Muribaculaceae,Muribaculaceae_u_g,Muribaculaceae_u_s,Muribaculaceae bacterium Isolate-105 (HZI),0.00878,0.00948,0.00569,0.00709,0.00841,0.00418,0.00402,0.00214,0.00972,0.0048,0.01095,0.0096,0.01136,0.00808,0.01318,0.00692,0.00979,0.00637,0.00863,0.01109
Muribaculaceae bacterium Isolate-110 (HZI),Bacteria,Bacteroidetes,Bacteroidia,Bacteroidales,Muribaculaceae,Muribaculaceae_u_g,Muribaculaceae_u_s,Muribaculaceae bacterium Isolate-110 (HZI),0.00035,0.00037,0.0003,0.00032,0.00034,0.00019,0.00019,0.00011,0.00041,0.00023,0.00045,0.00038,0.0004,0.00036,0.00043,0.00028,0.00035,0.00028,0.00031,0.00044
Muribaculaceae bacterium Isolate-113 (HZI),Bacteria,Bacteroidetes,Bacteroidia,Bacteroidales,Muribaculaceae,Muribaculaceae_u_g,Muribaculaceae_u_s,Muribaculaceae bacterium Isolate-113 (HZI),2E-05,2E-05,0,1E-05,2E-05,2E-05,0,1E-05,3E-05,1E-05,2E-05,0,2E-05,2E-05,2E-05,1E-05,0,1E-05,0,2E-05
Muribaculaceae bacterium Isolate-114 (HZI),Bacteria,Bacteroidetes,Bacteroidia,Bacteroidales,Muribaculaceae,Muribaculaceae_u_g,Muribaculaceae_u_s,Muribaculaceae bacterium Isolate-114 (HZI),0,0,4E-05,0,0,0,0,0,0,0,0,0,0,0,0,0,0,0,0,0
Muribaculum sp. NM65_B17,Bacteria,Bacteroidetes,Bacteroidia,Bacteroidales,Muribaculaceae,Muribaculum,Muribaculum_u_s,Muribaculum sp. NM65_B17,0.08821,0.07931,0.05325,0.06692,0.06892,0.02933,0.04503,0.01711,0.11011,0.05069,0.11799,0.10211,0.09227,0.09642,0.11364,0.06843,0.0988,0.04546,0.07304,0.09016
Odoribacter splanchnicus DSM 20712,Bacteria,Bacteroidetes,Bacteroidia,Bacteroidales,Odoribacteraceae,Odoribacter,Odoribacter splanchnicus,Odoribacter splanchnicus DSM 20712,0,0,0,0,0,0,0,0,0,0,0,0,0,0,0,0,0,4E-05,0,0
Oscillibacter sp. 1-3,Bacteria,Firmicutes,Clostridia,Clostridiales,Oscillospiraceae,Oscillibacter,Oscillibacter_u_s,Oscillibacter sp. 1-3,0.01037,0.00277,0.00233,0.00135,0.00304,0.00021,0.00056,0.00063,0.0048,0.00148,0.00281,0.00045,0.00151,0.00251,0.00117,0.00147,0.00133,0.00101,0.00383,0.00222
Oscillospiraceae bacterium VE202-24,Bacteria,Firmicutes,Clostridia,Clostridiales,Oscillospiraceae,Oscillospiraceae_u_g,Oscillospiraceae_u_s,Oscillospiraceae bacterium VE202-24,8E-05,0,0,0,0,0,0,0,0,0,0,0,0,0,0,0,0,0,0,0
Parabacteroides distasonis,Bacteria,Bacteroidetes,Bacteroidia,Bacteroidales,Tannerellaceae,Parabacteroides,Parabacteroides distasonis,Parabacteroides distasonis,0.00066,0.00043,0.00051,0.00065,0.00076,0.00024,0.00034,6E-05,0.00143,0.00066,0.00066,0.00086,0.0011,0.00046,0.0012,0.00058,0.00086,0.00064,0.00093,0.00072
Parabacteroides goldsteinii CL02T12C30,Bacteria,Bacteroidetes,Bacteroidia,Bacteroidales,Tannerellaceae,Parabacteroides,Parabacteroides goldsteinii,Parabacteroides goldsteinii CL02T12C30,0,0,4E-05,5E-05,5E-05,0,0,0,0,5E-05,4E-05,8E-05,9E-05,0,0.00011,4E-05,7E-05,3E-05,5E-05,5E-05
Paramuribaculum intestinale,Bacteria,Bacteroidetes,Bacteroidia,Bacteroidales,Muribaculaceae,Paramuribaculum,Paramuribaculum intestinale,Paramuribaculum intestinale,0.00014,0.00015,0.00011,9E-05,0.00019,7E-05,0.0001,7E-05,0.00019,9E-05,0.00019,0.00013,0.00011,0.00018,0.00021,7E-05,0.00016,0.00013,0.00014,0.00021
Adlercreutzia caecicola,Bacteria,Actinobacteria,Coriobacteriia,Eggerthellales,Eggerthellaceae,Adlercreutzia,Adlercreutzia caecicola,Adlercreutzia caecicola,6E-05,5E-05,9E-05,5E-05,6E-05,8E-05,9E-05,0.00016,0,8E-05,8E-05,7E-05,6E-05,0.00012,0.00011,4E-05,7E-05,0.00011,4E-05,0.0001
Clostridioides difficile,Bacteria,Firmicutes,Clostridia,Clostridiales,Peptostreptococcaceae,Clostridioides,Clostridioides difficile,Clostridioides difficile,0.00284,0.00048,0.00334,0.00202,0.00058,0.00064,0.00156,0.00108,0.00077,0.00027,0.00174,0.00012,0.00019,0.0044,0.00092,0.00063,0.00019,0.00082,0.00209,0.00219
Porphyromonas_u_t,Bacteria,Bacteroidetes,Bacteroidia,Bacteroidales,Porphyromonadaceae,Porphyromonas,Porphyromonas_u_s,Porphyromonas_u_t,0,0,0,0,1E-05,0,0,0,0.00137,0,0,0,1E-05,0,1E-05,0,0,1E-05,2E-05,1E-05
Prevotella sp. MGM1,Bacteria,Bacteroidetes,Bacteroidia,Bacteroidales,Prevotellaceae,Prevotella,Prevotella_u_s,Prevotella sp. MGM1,0.02639,0.01742,0.02112,0.03089,0.03295,0.00626,0.0082,0.00122,0.0522,0.03018,0.02932,0.03986,0.04653,0.01344,0.05111,0.02713,0.04253,0.02453,0.03275,0.0252
Pseudoflavonifractor capillosus ATCC 29799,Bacteria,Firmicutes,Clostridia,Clostridiales,Ruminococcaceae,Pseudoflavonifractor,Pseudoflavonifractor capillosus,Pseudoflavonifractor capillosus ATCC 29799,0.00012,0,0,0,0,0,0,0,0,0,0,0,0,0,0,0,0,0,4E-05,0
Pseudoflavonifractor sp. An184,Bacteria,Firmicutes,Clostridia,Clostridiales,Ruminococcaceae,Pseudoflavonifractor,Pseudoflavonifractor_u_s,Pseudoflavonifractor sp. An184,0.00029,0,0,0,7E-05,0,0,0,0.00012,0,6E-05,0,0,0,0,0,0,0,0.0001,0
Pseudoflavonifractor sp. Marseille-P3106,Bacteria,Firmicutes,Clostridia,Clostridiales,Ruminococcaceae,Pseudoflavonifractor,Pseudoflavonifractor_u_s,Pseudoflavonifractor sp. Marseille-P3106,0,6E-05,0,5E-05,0,0,0,0,0,0,0,0,0,0,0,4E-05,0,3E-05,0,5E-05
Roseburia sp. 1XD42-69,Bacteria,Firmicutes,Clostridia,Clostridiales,Lachnospiraceae,Roseburia,Roseburia_u_s,Roseburia sp. 1XD42-69,0.00746,0.00334,0.0047,0.00234,0.00853,0.00379,0.00179,0.00367,0.00604,0.00145,0.00193,0.00045,0.0024,0.01041,0.00235,0.00412,0.00106,0.00256,0.00391,0.002
Ruminococcaceae bacterium D16,Bacteria,Firmicutes,Clostridia,Clostridiales,Ruminococcaceae,Ruminococcaceae_u_g,Ruminococcaceae_u_s,Ruminococcaceae bacterium D16,5E-05,0,0,0,0,0,0,0,0,0,0,0,0,0,0,0,0,0,0,0
Ruminococcus sp. AF34-12,Bacteria,Firmicutes,Clostridia,Clostridiales,Ruminococcaceae,Ruminococcus,Ruminococcus_u_s,Ruminococcus sp. AF34-12,0,0,0,0,0,0,0,0,0,0,0,8E-05,0.00013,0,0,0,9E-05,7E-05,0,0
Staphylococcus aureus,Bacteria,Firmicutes,Bacilli,Bacillales,Staphylococcaceae,Staphylococcus,Staphylococcus aureus,Staphylococcus aureus,0,0,0,0,0,0,0,0,0,0,0,0.0003,0,0,0,0,0,0,0,0
Mammaliicoccus lentus F1142,Bacteria,Firmicutes,Bacilli,Bacillales,Staphylococcaceae,Mammaliicoccus,Mammaliicoccus lentus,Mammaliicoccus lentus F1142,0,0,0,0,0,0,0,0,0,0,0,0,0.00017,0,0,0,0,0.00022,0,0
Staphylococcus xylosus,Bacteria,Firmicutes,Bacilli,Bacillales,Staphylococcaceae,Staphylococcus,Staphylococcus xylosus,Staphylococcus xylosus,0,0,0,2E-05,0,0.00019,5E-05,0.00277,0.00038,0.00263,0.00215,0,0.00021,0.00025,0,0.00012,0,0.0034,0,0
Staphylococcus xylosus DMB3-Bh1,Bacteria,Firmicutes,Bacilli,Bacillales,Staphylococcaceae,Staphylococcus,Staphylococcus xylosus,Staphylococcus xylosus DMB3-Bh1,0,0,0,0,7E-05,0,0,0,0,0,0,0.00015,0,0,0.0001,0,6E-05,0,0.00261,0.00024
Streptococcus_u_t,Bacteria,Firmicutes,Bacilli,Lactobacillales,Streptococcaceae,Streptococcus,Streptococcus_u_s,Streptococcus_u_t,0,5E-05,0,0,0,0,0,0,0,0,0,0,0,0,0,0,0,0,0,0
Streptococcus pneumoniae 6901-05,Bacteria,Firmicutes,Bacilli,Lactobacillales,Streptococcaceae,Streptococcus,Streptococcus pneumoniae,Streptococcus pneumoniae 6901-05,0,0,0,0,0,0,0,0,0,0,0,0.00022,0,0,0,0,0,0,0,0
Streptococcus pneumoniae GA11426,Bacteria,Firmicutes,Bacilli,Lactobacillales,Streptococcaceae,Streptococcus,Streptococcus pneumoniae,Streptococcus pneumoniae GA11426,0,0,0,0,0,0,0,0,0,0.00021,0,0,0,0,0,0.00029,0,0,0,0
Streptococcus sp. LYSM12,Bacteria,Firmicutes,Bacilli,Lactobacillales,Streptococcaceae,Streptococcus,Streptococcus_u_s,Streptococcus sp. LYSM12,0,5E-05,0.0002,0,0.00018,0,0,0.00068,0,7E-05,0.0001,3E-05,0,0,0,0,0,5E-05,7E-05,0.00041
Subdoligranulum sp. AM23-21AC,Bacteria,Firmicutes,Clostridia,Clostridiales,Ruminococcaceae,Subdoligranulum,Subdoligranulum_u_s,Subdoligranulum sp. AM23-21AC,0,0,0,0,3E-05,0,0,8E-05,0.0001,0,0,0,0,0,0,0,0,0,0,0
TM7 phylum sp. oral taxon 351,Bacteria,Candidatus Saccharibacteria,Candidatus Saccharibacteria_u_c,Candidatus Saccharibacteria_u_o,Candidatus Saccharibacteria_u_f,Candidatus Saccharibacteria_u_g,TM7 phylum sp. oral taxon 351,TM7 phylum sp. oral taxon 351,0,0,0,2E-05,0,0,0,0,0,0,0,0,0,0,0,2E-05,0,0,0,0
Turicibacter sp. H121,Bacteria,Firmicutes,Erysipelotrichia,Erysipelotrichales,Turicibacteraceae,Turicibacter,Turicibacter_u_s,Turicibacter sp. H121,0,0.00016,0,0,0.00022,0.00014,0,0.00036,0,0,0.0003,0.0004,5E-05,0.0001,0,0.00023,0.00043,0.00021,0.00023,0.00031